"Date";"Sentiment";"Close";"ETH";"Vol";"Haut";"Bas";"Variation";"Volatilite";
07/09/2022;24;19280;1630;6.19;19457;18561;2.61;0.1;
06/09/2022;22;18790;1558;12.12;20183;18692;-5.04;3.825;
05/09/2022;23;19788;1617;2.25;20045;19646;-1.07;1.985;
04/09/2022;20;20002;1579;2.04;20020;19590;0.84;0.955;
03/09/2022;21;19835;1558;1.65;20062;19667;-0.69;0.765;
02/09/2022;25;19973;1575;6.3;20441;19770;-0.80;0.055;
01/09/2022;20;20134;1585;5.94;20212;19587;0.38;0.59;
31/08/2022;23;20058;1555;4.64;20483;19812;1.24;0.43;
30/08/2022;27;19812;1523;5.33;20574;19574;-2.44;1.84;
29/08/2022;24;20308;1553;4.13;20412;19566;3.84;3.14;
28/08/2022;28;19558;1426;3.23;20163;19540;-2.39;3.115;
27/08/2022;28;20036;1491;2.55;20362;19852;-1.10;0.645;
26/08/2022;27;20258;1508;11.23;21866;20134;-6.05;2.475;
25/08/2022;25;21563;1695;3.22;21809;21320;0.92;3.485;
24/08/2022;25;21366;1657;5.41;21861;21160;-0.75;0.835;
23/08/2022;28;21527;1665;4.92;21671;20909;0.62;0.685;
22/08/2022;29;21395;1627;3.44;21527;20910;-0.53;0.575;
21/08/2022;27;21510;1618;2.31;21773;21077;1.75;1.14;
20/08/2022;29;21141;1576;2.04;21366;20769;1.45;0.15;
19/08/2022;33;20839;1610;9.53;23204;20793;-10.16;5.805;
18/08/2022;30;23197;1847;3.02;23599;23124;-0.59;4.785;
17/08/2022;41;23335;1834;6.13;24433;23180;-2.18;0.795;
16/08/2022;44;23856;1877;2.77;24234;23686;-0.99;0.595;
15/08/2022;45;24094;1900;8.93;25203;23776;-0.85;0.07;
14/08/2022;47;24300;1935;2.74;25003;24151;-0.51;0.17;
13/08/2022;46;24425;1984;4.05;24880;24307;0.12;0.315;
12/08/2022;42;24395;1958;3.56;24441;23603;1.94;0.91;
11/08/2022;41;23932;1880;5.88;24877;23861;-0.09;1.015;
10/08/2022;31;23954;1853;8.78;24215;22665;3.51;1.8;
09/08/2022;42;23141;1703;4.07;23912;22888;-2.84;3.175;
08/08/2022;30;23817;1778;2.9;24224;23164;2.76;2.8;
07/08/2022;30;23178;1700;2.15;23397;22837;1.11;0.825;
06/08/2022;31;22924;1691;1.26;23341;22903;-1.66;1.385;
05/08/2022;31;23311;1738;7.08;23462;22596;3.09;2.375;
04/08/2022;30;22612;1607;4.6;23210;22390;-0.89;1.99;
03/08/2022;34;22814;1618;4.75;23627;22684;-0.74;0.075;
02/08/2022;31;22984;1631;4.22;23439;22676;-1.18;0.22;
01/08/2022;33;23259;1630;5.57;23499;22882;-0.15;0.515;
31/07/2022;39;23294;1680;3.15;24211;23233;-1.46;0.655;
30/07/2022;42;23639;1696;4.3;24641;23520;-0.53;0.465;
29/07/2022;39;23764;1721;5.03;24426;23456;-0.37;0.08;
28/07/2022;32;23852;1726;6.63;24172;22601;3.92;2.145;
27/07/2022;28;22951;1636;7.47;23098;21056;7.90;1.99;
26/07/2022;26;21271;1451;4.43;21329;20738;-0.15;4.025;
25/07/2022;30;21303;1439;4.42;22663;21262;-5.65;2.75;
24/07/2022;30;22579;1598;2.34;23001;22262;0.59;3.12;
23/07/2022;31;22446;1550;2.69;22993;21949;-1.01;0.8;
22/07/2022;33;22676;1535;5.07;23729;22517;-2.06;0.525;
21/07/2022;34;23152;1576;8.12;23409;22350;-0.25;0.905;
20/07/2022;31;23209;1520;8.44;24276;22915;-0.81;0.28;
19/07/2022;30;23398;1544;10.21;23783;21599;4.10;2.455;
18/07/2022;20;22476;1585;8.52;22749;20763;8.16;2.03;
17/07/2022;24;20781;1338;3.17;21666;20751;-2.09;5.125;
16/07/2022;21;21224;1356;3.4;21590;20477;1.96;2.025;
15/07/2022;15;20816;1231;3.59;21190;20376;1.16;0.4;
14/07/2022;18;20578;1193;6.06;20880;19647;1.64;0.24;
13/07/2022;15;20246;1116;12;20283;18927;4.84;1.6;
12/07/2022;16;19311;1039;6.78;20038;19244;-3.18;4.01;
11/07/2022;22;19945;1096;6.61;20865;19876;-4.36;0.59;
10/07/2022;24;20855;1167;2.88;21590;20678;-3.34;0.51;
09/07/2022;24;21576;1217;2.2;21967;21336;-0.11;1.615;
08/07/2022;20;21600;1217;11.6;22405;21198;-0.09;0.01;
07/07/2022;18;21620;1238;5.6;21809;20253;5.17;2.63;
06/07/2022;18;20557;1186;4.32;20666;19765;1.92;1.625;
05/07/2022;19;20169;1134;4.45;20723;19290;-0.27;1.095;
04/07/2022;14;20224;1151;3.55;20318;19057;4.74;2.505;
03/07/2022;11;19309;1074;2.35;19638;18774;0.41;2.165;
02/07/2022;14;19230;1067;1.67;19442;18994;-0.29;0.35;
01/07/2022;11;19286;1059;5.19;20795;18993;-3.27;1.49;
30/06/2022;11;19938;1069;5.75;20146;18643;-0.84;1.215;
29/06/2022;13;20107;1100;3.38;20428;19886;-0.79;0.025;
28/06/2022;10;20267;1144;2.39;21200;20204;-2.18;0.695;
27/06/2022;12;20718;1191;2.79;21509;20551;-1.66;0.26;
26/06/2022;14;21067;1198;2.8;21871;21000;-1.95;0.145;
25/06/2022;14;21485;1242;2.3;21575;20899;1.21;1.58;
24/06/2022;11;21229;1225;5.8;21526;20704;0.75;0.23;
23/06/2022;11;21071;1144;6.14;21163;19866;5.66;2.455;
22/06/2022;11;19943;1049;7.26;20848;19739;-3.62;4.64;
21/06/2022;9;20693;1126;8.18;21670;20341;0.68;2.15;
20/06/2022;9;20554;1128;6.68;20984;19628;-0.01;0.345;
19/06/2022;6;20556;1128;11.68;20744;17950;8.31;4.16;
18/06/2022;6;18978;996;17.93;20688;17611;-7.02;7.665;
17/06/2022;9;20411;1087;24.02;21347;20254;0.08;3.55;
16/06/2022;7;20394;1069;6.74;22996;20253;-9.74;4.91;
15/06/2022;7;22594;1238;17.56;22805;20089;1.90;5.82;
14/06/2022;8;22172;1211;16.45;23326;20873;-1.40;1.65;
13/06/2022;11;22487;1206;42.72;26922;22017;-15.68;7.14;
12/06/2022;14;26670;1435;8.91;28558;26640;-6.17;4.755;
11/06/2022;12;28425;1531;3.75;29452;28138;-2.33;1.92;
10/06/2022;13;29103;1663;4.85;30367;28864;-3.35;0.51;
09/06/2022;11;30112;1788;2.1;30712;29957;-0.39;1.48;
08/06/2022;17;30230;1793;2.65;31331;29887;-2.95;1.28;
07/06/2022;15;31149;1813;6.42;31577;29231;-0.71;1.12;
06/06/2022;13;31371;1860;4.78;31764;29907;4.84;2.775;
05/06/2022;10;29923;1806;1.72;30196;29541;0.16;2.34;
04/06/2022;14;29877;1805;1.5;29981;29506;0.49;0.165;
03/06/2022;10;29730;1775;3.04;30707;29346;-2.45;1.47;
02/06/2022;13;30478;1835;5.93;30712;29620;2.17;2.31;
01/06/2022;17;29832;1818;4.84;31974;29354;-6.17;4.17;
31/05/2022;16;31792;1942;2.92;32391;31220;0.21;3.19;
30/05/2022;10;31726;1998;7.93;32191;29311;7.63;3.71;
29/05/2022;14;29476;1814;2.57;29586;28851;1.51;3.06;
28/05/2022;13;29037;1792;1.65;29259;28528;1.50;0.005;
27/05/2022;12;28609;1724;4.37;29378;28267;-2.07;1.785;
26/05/2022;12;29213;1793;5.54;29859;28005;-1.05;0.51;
25/05/2022;11;29524;1943;2.15;30218;29345;-0.41;0.32;
24/05/2022;12;29647;1979;2.91;29822;28690;1.91;1.16;
23/05/2022;10;29091;1973;2.79;30666;28868;-3.94;2.925;
22/05/2022;14;30283;2043;2.68;30466;29253;2.87;3.405;
21/05/2022;13;29439;1975;1.28;29652;28963;0.81;1.03;
20/05/2022;13;29202;1960;3.94;30764;28713;-3.72;2.265;
19/05/2022;13;30329;2019;4.49;30542;28673;5.75;4.735;
18/05/2022;12;28680;1912;3.94;30702;28634;-5.79;5.77;
17/05/2022;8;30442;2091;3.07;30766;29446;1.97;3.88;
16/05/2022;14;29854;2023;4.52;31324;29083;-4.68;3.325;
15/05/2022;10;31319;2146;2.74;31416;29483;4.04;4.36;
14/05/2022;9;30104;2056;4.13;30346;28674;2.72;0.66;
13/05/2022;10;29306;2010;8.72;31068;28831;0.74;0.99;
12/05/2022;12;29090;1954;34.25;30224;26600;-0.02;0.38;
11/05/2022;12;29095;2079;28.73;32181;27902;-6.30;3.14;
10/05/2022;10;31050;2342;14.17;32681;29845;2.96;4.63;
09/05/2022;11;30158;2229;21.24;34259;30114;-11.52;7.24;
08/05/2022;18;34084;2520;6.58;35540;33779;-4.01;3.755;
07/05/2022;23;35508;2636;3.78;36163;34879;-1.48;1.265;
06/05/2022;22;36040;2693;7.6;36684;35315;-1.47;0.005;
05/05/2022;27;36577;2747;9.74;39843;36209;-7.87;3.2;
04/05/2022;21;39701;2941;5.26;39996;37695;5.17;6.52;
03/05/2022;27;37751;2781;3.62;38674;37555;-2.00;3.585;
02/05/2022;28;38520;2856;3.59;39184;38091;0.06;1.03;
01/05/2022;22;38496;2826;3.06;38689;37426;2.21;1.075;
30/04/2022;20;37662;2727;2.91;38792;37633;-2.43;2.32;
29/04/2022;23;38600;2817;3.19;39927;38201;-2.91;0.24;
28/04/2022;24;39758;2937;4.65;40364;38922;1.26;2.085;
27/04/2022;21;39263;2889;4.2;39478;37901;2.95;0.845;
26/04/2022;27;38139;2810;4.73;40800;37762;-5.73;4.34;
25/04/2022;23;40456;3006;6.01;40588;38200;2.46;4.095;
24/04/2022;24;39486;2922;2.19;39949;38963;0.10;1.18;
23/04/2022;24;39447;2932;1.92;40008;39312;-0.70;0.4;
22/04/2022;26;39724;2963;4.13;40799;39195;-1.92;0.61;
21/04/2022;27;40502;2984;4.56;42977;39807;-2.09;0.085;
20/04/2022;27;41366;3076;3.73;42195;40905;-0.36;0.865;
19/04/2022;27;41517;3102;2.4;41743;40601;1.70;1.03;
18/04/2022;24;40821;3056;4.99;41123;38557;2.80;0.55;
17/04/2022;28;39708;2989;1.66;40611;39567;-1.74;2.27;
16/04/2022;28;40409;3059;1.49;40717;40033;-0.44;0.65;
15/04/2022;22;40587;3042;2.21;40807;39792;1.60;1.02;
14/04/2022;28;39948;3022;3.17;41510;39604;-2.93;2.265;
13/04/2022;25;41155;3117;4.57;41540;39607;2.66;2.795;
12/04/2022;20;40087;3028;4.11;40649;39300;1.32;0.67;
11/04/2022;32;39565;2978;6.7;42437;39274;-6.20;3.76;
10/04/2022;34;42181;3202;3.03;43460;41933;-1.40;2.4;
09/04/2022;30;42780;3260;1.92;42824;42137;1.19;1.295;
08/04/2022;37;42277;3194;4.35;43984;42137;-2.72;1.955;
07/04/2022;34;43458;3229;2.4;43899;42804;0.60;1.66;
06/04/2022;48;43199;3169;5.84;45515;43162;-5.02;2.81;
05/04/2022;53;45481;3407;2.59;47173;45376;-2.42;1.3;
04/04/2022;52;46611;3520;3.45;46900;45128;0.49;1.455;
03/04/2022;48;46383;3521;3.01;47414;45570;1.22;0.365;
02/04/2022;52;45825;3442;2.27;47216;45640;-1.03;1.125;
01/04/2022;50;46301;3456;3.96;46717;44246;1.68;1.355;
31/03/2022;52;45535;3282;4.66;47665;45224;-3.19;2.435;
30/03/2022;55;47035;3386;4.3;47675;46602;-0.82;1.185;
29/03/2022;56;47424;3402;3.38;48099;46964;0.68;0.75;
28/03/2022;60;47105;3329;6.38;48159;46666;0.57;0.055;
27/03/2022;49;46836;3296;5.65;46862;44440;5.16;2.295;
26/03/2022;51;44536;3146;1.31;44785;44113;0.45;2.355;
25/03/2022;47;44337;3103;4.36;45082;43607;0.76;0.155;
24/03/2022;40;44003;3111;3.78;44221;42670;2.61;0.925;
23/03/2022;31;42882;3036;2.75;42995;41772;1.21;0.7;
22/03/2022;26;42370;2970;5;43319;40886;3.26;1.025;
21/03/2022;30;41031;2892;2.62;41535;40544;-0.53;1.895;
20/03/2022;31;41249;2862;1.81;42292;40933;-2.29;0.88;
19/03/2022;28;42214;2950;2.14;42373;41491;1.05;1.67;
18/03/2022;25;41774;2940;3.77;42333;40236;2.03;0.49;
17/03/2022;27;40943;2812;2.29;41451;40553;-0.50;1.265;
16/03/2022;24;41148;2774;8.54;41728;38974;4.66;2.58;
15/03/2022;21;39317;2617;5.3;39887;38212;-1.01;2.835;
14/03/2022;23;39717;2589;8.05;39977;37570;5.14;3.075;
13/03/2022;21;37777;2517;3.42;39314;37592;-2.68;3.91;
12/03/2022;22;38816;2570;1.81;39397;38679;0.20;1.44;
11/03/2022;22;38737;2557;9.57;40228;38236;-1.83;1.015;
10/03/2022;28;39459;2607;6.67;42069;38646;-5.97;2.07;
09/03/2022;22;41962;2727;5.96;42593;38693;8.27;7.12;
08/03/2022;21;38757;2577;5.51;39385;37906;1.89;3.19;
07/03/2022;23;38039;2493;6.78;39559;37198;-1.04;1.465;
06/03/2022;22;38437;2549;3.37;39715;38151;-2.46;0.71;
05/03/2022;22;39408;2665;2.19;39628;38680;0.61;1.535;
04/03/2022;33;39171;2622;6.38;42559;38621;-7.81;4.21;
03/03/2022;39;42490;2835;3.89;44103;41862;-3.33;2.24;
02/03/2022;52;43952;2947;5.57;45326;43386;-1.10;1.115;
01/03/2022;51;44442;2976;6.34;44939;42878;2.87;1.985;
28/02/2022;20;43202;2922;8.45;44198;37502;14.49;5.81;
27/02/2022;26;37734;2616;5.48;39888;37067;-3.56;9.025;
26/02/2022;26;39125;2776;3.59;40274;38633;-0.30;1.63;
25/02/2022;27;39243;2767;6.43;39717;38071;2.25;1.275;
24/02/2022;23;38380;2596;17.88;39716;34435;2.92;0.335;
23/02/2022;25;37292;2578;5.81;39270;37142;-2.63;2.775;
22/02/2022;20;38299;2637;6.2;38475;36404;3.36;2.995;
21/02/2022;25;37054;2570;8.51;39531;36829;-3.56;3.46;
20/02/2022;27;38420;2619;3.53;40164;38071;-4.29;0.365;
19/02/2022;25;40141;2764;1.46;40478;39683;0.26;2.275;
18/02/2022;30;40037;2779;4.68;40983;39571;-1.28;0.77;
17/02/2022;52;40556;2894;6.75;44188;40127;-7.59;3.155;
16/02/2022;51;43885;3122;3.27;44584;43382;-1.51;3.04;
15/02/2022;46;44560;3182;4.11;44762;42467;4.70;3.105;
14/02/2022;46;42560;2929;4.78;42852;41608;1.11;1.795;
13/02/2022;44;42091;2871;1.95;42760;41920;-0.35;0.73;
12/02/2022;44;42239;2917;2.66;43028;41810;-0.42;0.035;
11/02/2022;50;42418;2928;5.61;43965;42053;-2.59;1.085;
10/02/2022;50;43545;3072;7.33;45851;43255;-2.00;0.295;
09/02/2022;54;44432;3243;3.71;44840;43160;0.84;1.42;
08/02/2022;48;44061;3116;7.62;45400;42713;0.45;0.195;
07/02/2022;45;43865;3140;5.52;44500;41715;3.40;1.475;
06/02/2022;37;42423;3056;2.36;42730;41171;2.34;0.53;
05/02/2022;33;41454;3013;2.6;41928;40980;-0.26;1.3;
04/02/2022;20;41563;2995;8.27;41734;37070;11.34;5.8;
03/02/2022;20;37331;2693;5.03;37395;36282;1.10;5.12;
02/02/2022;28;36925;2681;4.19;38877;36660;-4.67;2.885;
01/02/2022;26;38733;2787;4.29;39350;38039;0.54;2.605;
31/01/2022;20;38526;2687;4.77;38772;36683;1.55;0.505;
30/01/2022;29;37939;2603;2.05;38349;37398;-0.68;1.115;
29/01/2022;24;38197;2600;3.55;38696;37348;1.16;0.92;
28/01/2022;24;37760;2546;4.58;38041;36197;1.46;0.15;
27/01/2022;20;37217;2425;6.94;37248;35571;1.05;0.205;
26/01/2022;23;36831;2461;10.65;38901;36301;-0.44;0.745;
25/01/2022;12;36994;2458;8.86;37545;35759;0.80;0.62;
24/01/2022;13;36702;2441;23.1;37460;32981;1.09;0.145;
23/01/2022;11;36308;2540;8.72;36550;34687;3.43;1.17;
22/01/2022;13;35103;2412;17.58;36816;34079;-3.83;3.63;
21/01/2022;19;36501;2571;16.22;41132;35524;-10.41;3.29;
20/01/2022;24;40740;3004;5.11;43541;40572;-2.25;4.08;
19/01/2022;24;41676;3084;6.45;42581;41180;-1.68;0.285;
18/01/2022;24;42390;3160;4.34;42682;41304;0.35;1.015;
17/01/2022;22;42242;3209;2.92;43191;41568;-1.95;1.15;
16/01/2022;21;43084;3346;1.58;43487;42612;0.03;0.99;
15/01/2022;23;43069;3328;3.2;43806;42600;-0.05;0.04;
14/01/2022;21;43091;3308;4.31;43463;41839;1.24;0.645;
13/01/2022;21;42562;3242;3.74;44427;42334;-3.07;2.155;
12/01/2022;22;43909;3370;3.77;44305;42475;2.73;2.9;
11/01/2022;21;42743;3238;4.79;43113;41287;2.16;0.285;
10/01/2022;23;41839;3085;9.55;42270;39677;-0.03;1.095;
09/01/2022;23;41850;3150;3.72;42790;41275;0.41;0.22;
08/01/2022;10;41679;3080;4.15;42319;40570;0.39;0.01;
07/01/2022;18;41518;3195;7.4;43132;40755;-3.70;2.045;
06/01/2022;15;43111;3407;3.41;43777;42487;-0.71;1.495;
05/01/2022;24;43418;3535;6.93;47057;42519;-5.26;2.275;
04/01/2022;23;45830;3791;3.79;47546;45583;-1.32;1.97;
03/01/2022;29;46445;3764;2.58;47578;45701;-1.84;0.26;
02/01/2022;29;47314;3831;1.84;47980;46698;-0.92;0.46;
01/01/2022;21;47755;3765;2.18;47954;46215;3.33;2.125;
31/12/2021;28;46218;3678;4.25;48589;45697;-1.99;2.66;
30/12/2021;22;47156;3709;3.2;47911;45996;1.49;1.74;
29/12/2021;27;46465;3627;4.12;48166;46129;-2.29;1.89;
28/12/2021;41;47554;3793;5.43;50710;47339;-6.18;1.945;
27/12/2021;40;50684;4036;3.52;52027;50483;-0.22;2.98;
26/12/2021;37;50797;4061;2.9;51281;49473;0.71;0.465;
25/12/2021;39;50437;4093;1.99;51169;50209;-0.74;0.725;
24/12/2021;41;50815;4043;2.6;51834;50439;0.01;0.375;
23/12/2021;34;50812;4110;4.43;51376;48078;4.50;2.245;
22/12/2021;45;48626;3979;3.14;49575;48460;-0.61;2.555;
21/12/2021;27;48923;4016;4.71;49352;46683;4.32;2.465;
20/12/2021;25;46898;3944;5.65;47541;45606;0.39;1.965;
19/12/2021;29;46717;3926;5.24;48283;46475;-0.35;0.37;
18/12/2021;24;46879;3960;3.74;47364;45544;1.49;0.92;
17/12/2021;23;46193;3878;5.86;48029;45539;-3.11;2.3;
16/12/2021;29;47675;3956;3.53;49462;47561;-2.51;0.3;
15/12/2021;28;48901;4019;7.04;49520;46602;1.02;1.765;
14/12/2021;21;48408;3860;5.48;48656;46356;3.49;1.235;
13/12/2021;28;46777;3780;8.71;50223;45790;-6.68;5.085;
12/12/2021;27;50123;4132;3.87;50800;48692;1.54;4.11;
11/12/2021;16;49363;4075;5.29;49510;46897;4.65;1.555;
10/12/2021;24;47170;3904;8.17;50105;47060;-0.93;2.79;
09/12/2021;29;47611;4108;5.28;50824;47408;-5.73;2.4;
08/12/2021;28;50503;4435;4.03;51239;48760;-0.26;2.735;
07/12/2021;25;50634;4307;3.91;51969;50102;0.13;0.195;
06/12/2021;16;50567;4353;8.05;50974;47295;2.22;1.045;
05/12/2021;18;49469;4195;4.78;49752;47860;0.40;0.91;
04/12/2021;25;49272;4118;22.58;53879;42101;-8.26;4.33;
03/12/2021;31;53709;4218;10.73;57599;52062;-4.97;1.645;
02/12/2021;32;56517;4513;4.41;57389;55842;-1.28;1.845;
01/12/2021;34;57250;4583;5.18;59055;56505;0.55;0.915;
30/11/2021;40;56938;4631;6.47;59174;55940;-1.57;1.06;
29/11/2021;33;57845;4443;5.07;58886;56772;0.91;1.24;
28/11/2021;27;57325;4298;4.94;57469;53482;4.54;1.815;
27/11/2021;21;54836;4094;3.09;55329;53711;2.04;1.25;
26/11/2021;47;53738;4034;12.19;59229;53565;-8.91;5.475;
25/11/2021;32;58995;4520;3.98;59423;57070;3.12;6.015;
24/11/2021;42;57209;4270;4.89;57762;55917;-0.68;1.9;
23/11/2021;33;57602;4340;8.56;57866;55460;2.31;1.495;
22/11/2021;50;56299;4087;8.83;59407;55714;-4.24;3.275;
21/11/2021;49;58790;4268;2.44;60047;58624;-1.59;1.325;
20/11/2021;43;59739;4408;3.13;59886;57494;2.77;2.18;
19/11/2021;34;58130;4295;5.18;58379;55670;1.96;0.405;
18/11/2021;54;57014;4003;11.54;60945;56559;-5.58;3.77;
17/11/2021;52;60386;4291;6.72;60847;58427;0.44;3.01;
16/11/2021;71;60124;4208;13.07;63562;58708;-5.41;2.925;
15/11/2021;72;63562;4563;5.27;66320;63383;-2.92;1.245;
14/11/2021;74;65471;4626;2.19;65471;63589;1.65;2.285;
13/11/2021;72;64406;4645;1.87;64968;63405;0.39;0.63;
12/11/2021;74;64156;4665;5.12;65412;62310;-1.00;0.695;
11/11/2021;77;64801;4721;2.86;65541;64089;-0.24;0.38;
10/11/2021;75;64954;4634;12.23;68925;63123;-2.96;1.36;
09/11/2021;84;66935;4732;6.46;68429;66343;-0.88;1.04;
08/11/2021;75;67526;4808;8.98;67665;63259;6.75;3.815;
07/11/2021;73;63259;4612;3.23;63279;61400;2.87;1.94;
06/11/2021;71;61496;4517;2.93;61583;60100;0.79;1.04;
05/11/2021;73;61016;4475;2.26;62598;60746;-0.66;0.725;
04/11/2021;73;61423;4536;2.93;63060;60733;-2.35;0.845;
03/11/2021;76;62904;4602;4.76;63556;60624;-0.55;0.9;
02/11/2021;73;63249;4586;5.2;64263;60661;3.81;2.18;
01/11/2021;74;60927;4321;4.81;62485;59596;-0.66;2.235;
31/10/2021;74;61330;4288;2.42;62414;60021;-0.82;0.08;
30/10/2021;73;61839;4322;2.24;62353;60756;-0.64;0.09;
29/10/2021;70;62235;4414;3.92;62980;60190;2.70;1.67;
28/10/2021;66;60598;4285;8.07;62395;57612;3.67;0.485;
27/10/2021;73;58453;3922;7.14;61448;58096;-3.05;3.36;
26/10/2021;76;60290;4130;4.75;63306;59852;-4.45;0.7;
25/10/2021;72;63100;4220;3.71;63666;60633;3.70;4.075;
24/10/2021;73;60847;4083;2.88;61471;59537;-0.74;2.22;
23/10/2021;74;61302;4169;2.71;61731;59762;0.98;0.86;
22/10/2021;75;60708;3971;6.35;63708;60045;-2.40;1.69;
21/10/2021;84;62200;4054;13.37;66643;62100;-5.74;1.67;
20/10/2021;82;65988;4160;9.26;66927;63536;2.73;4.235;
19/10/2021;75;64237;3877;9.15;64418;61441;3.55;0.41;
18/10/2021;78;62034;3748;8.56;62661;59948;0.85;1.35;
17/10/2021;79;61511;3845;5.14;61652;59073;1.06;0.105;
16/10/2021;78;60868;3828;4.28;62325;60175;-1.36;1.21;
15/10/2021;71;61709;3869;11.88;62897;56889;7.59;4.475;
14/10/2021;70;57354;3790;4.59;58473;56880;-0.05;3.82;
13/10/2021;70;57381;3607;3.09;57758;54310;2.53;1.29;
12/10/2021;78;55967;3489;5.94;57633;54000;-2.61;2.57;
11/10/2021;71;57468;3545;7.51;57803;54430;5.06;3.835;
10/10/2021;71;54701;3415;5.84;56414;54173;-0.50;2.78;
09/10/2021;72;54978;3574;2.44;55444;53711;1.95;1.225;
08/10/2021;74;53925;3559;5.48;56000;53649;0.25;0.85;
07/10/2021;76;53793;3587;4.95;55339;53444;-2.78;1.515;
06/10/2021;68;55331;3576;10.52;55724;50448;7.42;5.1;
05/10/2021;59;51508;3518;6.68;51891;49065;4.58;1.42;
04/10/2021;54;49252;3383;6.19;49503;46951;2.09;1.245;
03/10/2021;49;48243;3416;3.6;49187;47124;1.19;0.45;
02/10/2021;54;47675;3388;2.06;48330;47459;-1.00;1.095;
01/10/2021;27;48157;3310;8.32;48454;43311;9.87;5.435;
30/09/2021;20;43830;3000;5.11;44107;41432;5.48;2.195;
29/09/2021;24;41551;2852;4.39;42591;40811;1.19;2.145;
28/09/2021;25;41064;2808;6.16;42777;40928;-2.67;1.93;
27/09/2021;26;42191;2926;4.26;44354;42144;-2.29;0.19;
26/09/2021;27;43180;3063;5.47;43931;40830;1.10;1.695;
25/09/2021;28;42711;2922;2.96;42977;41731;-0.39;0.745;
24/09/2021;33;42878;2928;11.76;45140;40779;-4.47;2.04;
23/09/2021;27;44882;3153;5.29;44986;43121;2.98;3.725;
22/09/2021;21;43583;3078;8.43;43998;40607;7.18;2.1;
21/09/2021;27;40664;2765;14.96;43622;39678;-5.44;6.31;
20/09/2021;50;43002;2976;12.63;47323;42577;-8.97;1.765;
19/09/2021;53;47239;3328;2.28;48370;46837;-2.21;3.38;
18/09/2021;50;48309;3436;2.05;48794;47070;2.15;2.18;
17/09/2021;48;47292;3398;2.49;48183;46782;-1.03;1.59;
16/09/2021;53;47786;3568;3.61;48518;47080;-0.73;0.15;
15/09/2021;49;48136;3611;3.98;48440;46738;2.25;1.49;
14/09/2021;30;47078;3431;3.52;47235;44726;4.71;1.23;
13/09/2021;44;44960;3285;8.77;46823;43514;-2.41;3.56;
12/09/2021;32;46069;3408;3.39;46391;44780;1.99;2.2;
11/09/2021;31;45169;3267;2.54;45990;44750;0.71;0.64;
10/09/2021;46;44852;3211;5.18;47036;44265;-3.31;2.01;
09/09/2021;45;46389;3423;3.85;47397;45591;0.65;1.98;
08/09/2021;47;46088;3499;7.55;47342;44510;-1.48;1.065;
07/09/2021;79;46778;3422;16.7;52888;43347;-11.20;4.86;
06/09/2021;79;52676;3927;4.84;52709;51062;1.77;6.485;
05/09/2021;73;51762;3951;5.54;51900;49500;3.73;0.98;
04/09/2021;72;49899;3885;2.37;50529;49418;-0.20;1.965;
03/09/2021;74;50000;3935;7.33;51032;48362;1.44;0.82;
02/09/2021;74;49291;3786;4.95;50365;48633;0.92;0.26;
01/09/2021;71;48844;3836;5.71;49102;46600;3.58;1.33;
31/08/2021;73;47157;3429;4.3;48241;46725;0.32;1.63;
30/08/2021;73;47008;3229;4.12;48916;46904;-3.67;1.995;
29/08/2021;72;48800;3222;4.05;49650;47844;-0.23;1.72;
28/08/2021;78;48914;3244;2.3;49310;48400;-0.33;0.05;
27/08/2021;71;49076;3274;5.8;49159;46365;4.79;2.56;
26/08/2021;75;46832;3092;6.48;49385;46371;-4.40;4.595;
25/08/2021;73;48989;3228;4.12;49244;47158;2.67;3.535;
24/08/2021;79;47714;3173;4.77;49857;47604;-3.68;3.175;
23/08/2021;79;49539;3323;5.42;50506;49055;0.56;2.12;
22/08/2021;76;49264;3238;2.75;49487;48121;0.81;0.125;
21/08/2021;78;48868;3224;3.92;49784;48290;-0.94;0.875;
20/08/2021;70;49332;3284;6.04;49362;46660;5.49;3.215;
19/08/2021;70;46765;3183;5.97;47060;43992;4.52;0.485;
18/08/2021;73;44744;3016;5.82;46008;44290;0.10;2.21;
17/08/2021;72;44698;3012;6.93;47157;44467;-2.70;1.4;
16/08/2021;72;45940;3147;6.06;48059;45689;-2.32;0.19;
15/08/2021;71;47031;3308;3.83;47355;45556;-0.11;1.105;
14/08/2021;76;47084;3264;4.35;48120;46036;-1.58;0.735;
13/08/2021;70;47842;3322;7.39;47866;44276;7.70;4.64;
12/08/2021;70;44423;3047;5.64;46185;43789;-2.47;5.085;
11/08/2021;70;45546;3163;4.32;46725;45358;-0.14;1.165;
10/08/2021;71;45612;3139;6.37;46674;44644;-1.47;0.665;
09/08/2021;65;46293;3162;10.72;46432;42792;5.76;3.615;
08/08/2021;74;43770;3014;8.16;45249;43300;-1.84;3.8;
07/08/2021;69;44589;3159;9.32;44689;42464;4.11;2.975;
06/08/2021;52;42830;2891;6.46;43294;39933;4.75;0.32;
05/08/2021;50;40887;2828;6.43;41352;37361;2.85;0.95;
04/08/2021;42;39754;2725;3.67;39965;37564;4.05;0.6;
03/08/2021;48;38207;2508;5.08;39774;37700;-2.42;3.235;
02/08/2021;48;39156;2607;4.62;40441;38716;-1.92;0.25;
01/08/2021;60;39922;2555;9.11;42532;39596;-3.59;0.835;
31/07/2021;60;41409;2529;5.07;42317;41051;-1.80;0.895;
30/07/2021;53;42169;2461;7.77;42244;38373;5.31;3.555;
29/07/2021;50;40041;2382;4.07;40623;39282;0.09;2.61;
28/07/2021;50;40004;2300;7.98;40899;38822;1.11;0.51;
27/07/2021;32;39563;2301;6.04;39563;36436;6.08;2.485;
26/07/2021;26;37296;2228;16.31;40516;35276;5.34;0.37;
25/07/2021;27;35407;2191;2.78;35430;33906;4.62;0.36;
24/07/2021;22;33845;2151;3.34;34043;33422;0.74;1.94;
23/07/2021;23;33597;2125;3.97;33625;32020;3.95;1.605;
22/07/2021;21;32320;2025;5.23;32610;31747;0.56;1.695;
21/07/2021;10;32141;1994;8.25;32804;29545;7.83;3.635;
20/07/2021;19;29806;1785;8.88;31075;29341;-3.37;5.6;
19/07/2021;24;30847;1818;12.8;31924;30514;-3.07;0.15;
18/07/2021;19;31824;1891;12.41;32427;31212;0.84;1.955;
17/07/2021;15;31559;1899;13.71;31975;31224;0.41;0.215;
16/07/2021;22;31429;1877;5.38;32266;31055;-1.34;0.875;
15/07/2021;20;31857;1918;6.96;33194;31170;-2.94;0.8;
14/07/2021;21;32823;1995;5.19;33117;31596;0.29;1.615;
13/07/2021;20;32727;1941;4.02;33333;32210;-1.10;0.695;
12/07/2021;25;33090;2032;8.41;34624;32616;-3.36;1.13;
11/07/2021;20;34239;2140;2.15;34584;33317;2.19;2.775;
10/07/2021;20;33506;2110;6.46;34221;33024;-0.78;1.485;
09/07/2021;20;33769;2146;6.66;34044;32574;2.72;1.75;
08/07/2021;20;32874;2115;14.29;33939;32063;-2.99;2.855;
07/07/2021;28;33886;2317;3.51;35076;33826;-0.74;1.125;
06/07/2021;20;34140;2310;8.81;34859;33668;1.40;1.07;
05/07/2021;29;33668;2196;7.72;35289;33479;-4.59;2.995;
04/07/2021;27;35289;2321;2.93;35782;35289;1.53;3.06;
03/07/2021;24;34758;2223;2.89;34762;33562;2.79;0.63;
02/07/2021;21;33816;2155;5.15;33924;32727;0.78;1.005;
01/07/2021;28;33554;2108;5.82;35044;32821;-4.25;2.515;
30/06/2021;28;35044;2275;3.45;35981;34754;-2.37;0.94;
29/06/2021;25;35896;2164;5.51;36411;34317;4.09;3.23;
28/06/2021;25;34484;2085;6.18;35168;34152;-0.67;2.38;
27/06/2021;22;34717;1980;28.71;34717;32359;7.29;3.98;
26/06/2021;20;32359;1831;20.53;32359;30331;2.45;2.42;
25/06/2021;27;31584;1811;37.67;34915;31584;-8.87;5.66;
24/06/2021;22;34657;1990;4.86;35137;32530;2.83;5.85;
23/06/2021;14;33703;1968;9.14;34196;32553;3.53;0.35;
22/06/2021;10;32553;1877;26.87;33300;29927;2.49;0.52;
21/06/2021;23;31761;1886;23.45;35631;31475;-10.86;6.675;
20/06/2021;21;35631;2243;16.93;35966;33725;0.13;5.495;
19/06/2021;23;35586;2165;11.57;36236;35460;-0.60;0.365;
18/06/2021;25;35802;2233;11.42;38061;35490;-5.94;2.67;
17/06/2021;26;38061;2372;3.54;39324;37734;-0.71;2.615;
16/06/2021;33;38332;2368;6.79;40394;38332;-4.50;1.895;
15/06/2021;38;40139;2544;7.78;40709;39726;-0.89;1.805;
14/06/2021;28;40500;2581;9.73;40732;38812;3.84;2.365;
13/06/2021;23;39004;2508;8.99;39021;34984;9.77;2.965;
12/06/2021;28;35531;2369;7.38;37338;35185;-4.84;7.305;
11/06/2021;21;37338;2354;6.42;37427;36342;1.88;3.36;
10/06/2021;21;36649;2469;9.57;37933;36559;-1.87;1.875;
09/06/2021;14;37347;2611;26.97;37490;32673;11.77;6.82;
08/06/2021;13;33415;2507;12.92;33745;31548;-0.54;6.155;
07/06/2021;15;33596;2594;9.97;36613;33596;-6.11;2.785;
06/06/2021;17;35782;2712;6.51;36238;35496;0.67;3.39;
05/06/2021;24;35543;2629;6.59;37690;35296;-3.56;2.115;
04/06/2021;27;36854;2687;5.93;39209;36532;-6.01;1.225;
03/06/2021;24;39209;2857;5.75;39209;37371;4.31;5.16;
02/06/2021;23;37590;2706;3.97;38053;36192;2.50;0.905;
01/06/2021;20;36673;2633;5.29;37625;35928;-1.70;2.1;
31/05/2021;18;37305;2706;5.98;37305;34527;4.75;3.225;
30/05/2021;10;35615;2387;6.02;36138;33680;3.02;0.865;
29/05/2021;18;34570;2278;7.76;36911;33681;-3.08;3.05;
28/05/2021;21;35667;2411;10.22;38485;35028;-7.20;2.06;
27/05/2021;27;38435;2741;5.55;40120;37381;-2.20;2.5;
26/05/2021;22;39301;2884;8.61;40498;38020;2.45;2.325;
25/05/2021;22;38363;2705;7.77;39761;36761;-1.06;1.755;
24/05/2021;10;38773;2649;15.13;39201;34730;11.64;6.35;
23/05/2021;14;34730;2094;25.99;38186;32623;-7.60;9.62;
22/05/2021;12;37585;2293;13.56;38662;36150;0.45;4.025;
21/05/2021;19;37415;2431;23.31;41500;35188;-7.79;4.12;
20/05/2021;11;40578;2768;25.6;41827;35198;10.40;9.095;
19/05/2021;23;36755;2436;67.82;42935;35303;-14.39;12.395;
18/05/2021;21;42935;3376;10.72;45474;42612;-1.40;6.495;
17/05/2021;27;43544;3279;37.72;46569;42304;-6.52;2.56;
16/05/2021;20;46583;3580;19.06;49460;45340;-0.43;3.045;
15/05/2021;27;46785;3645;9.49;50526;46785;-6.27;2.92;
14/05/2021;26;49917;4073;6.05;51168;49289;0.34;3.305;
13/05/2021;31;49747;3718;21.16;51154;48121;0.04;0.15;
12/05/2021;68;49725;3822;14.96;57688;49725;-12.32;6.18;
11/05/2021;61;56715;4174;7.69;56724;54789;1.55;6.935;
10/05/2021;72;55851;3950;13.49;59454;55448;-4.16;2.855;
09/05/2021;73;58276;3922;8.48;58957;56977;-1.05;1.555;
08/05/2021;67;58894;3908;7.61;59327;57317;2.69;1.87;
07/05/2021;64;57349;3479;6.93;58101;55606;1.59;0.55;
06/05/2021;65;56451;3488;10.44;57843;55897;-1.79;1.69;
05/05/2021;48;57477;3524;7.66;57477;52960;7.91;4.85;
04/05/2021;68;53264;3233;10.03;57147;53264;-6.79;7.35;
03/05/2021;61;57147;3428;7.63;58686;56605;0.96;3.875;
02/05/2021;66;56605;2952;4.2;57774;56385;-2.02;1.49;
01/05/2021;68;57774;2944;4.32;58265;57259;0.24;1.13;
30/04/2021;51;57637;2772;7.86;57637;53339;7.60;3.68;
29/04/2021;52;53566;2756;7.08;54860;52631;-2.36;4.98;
28/04/2021;59;54860;2747;5.76;55575;54090;-0.33;1.015;
27/04/2021;50;55044;2663;7.24;55215;53660;1.74;1.035;
26/04/2021;27;54103;2533;11.01;54214;49129;10.15;4.205;
25/04/2021;31;49116;2319;9.6;50539;48410;-2.09;6.12;
24/04/2021;37;50167;2212;5.98;51139;49572;-1.90;0.095;
23/04/2021;55;51139;2368;17.25;51781;48720;-1.24;0.33;
22/04/2021;65;51781;2402;12.69;55067;51781;-3.79;1.275;
21/04/2021;73;53822;2357;7.1;56476;53822;-4.70;0.455;
20/04/2021;73;56476;2330;8.39;56950;54398;1.50;3.1;
19/04/2021;74;55639;2160;8.57;57359;54913;-0.93;1.215;
18/04/2021;79;56163;2237;26.33;60223;54417;-6.35;2.71;
17/04/2021;76;59970;2316;7.02;62368;59970;-2.21;2.07;
16/04/2021;78;61325;2422;11.54;63453;60286;-2.96;0.375;
15/04/2021;79;63196;2514;6.61;63475;62348;0.40;1.68;
14/04/2021;75;62943;2433;10.93;64374;62065;-0.91;0.655;
13/04/2021;74;63518;2299;11.26;63518;59900;6.04;3.475;
12/04/2021;74;59900;2137;5.5;60701;59747;-0.22;3.13;
11/04/2021;76;60035;2144;4.65;60486;59411;0.35;0.285;
10/04/2021;70;59824;2125;9.79;60984;58114;2.94;1.295;
09/04/2021;70;58114;2063;3.75;58683;57849;0.01;1.465;
08/04/2021;73;58110;2078;4.48;58110;55960;3.84;1.915;
07/04/2021;72;55960;1961;8.85;58490;55960;-3.50;3.67;
06/04/2021;75;57991;2113;5.62;59200;57603;-1.95;0.775;
05/04/2021;71;59145;2105;5.59;59145;57034;1.55;1.75;
04/04/2021;74;58240;2075;4.97;58240;57023;2.13;0.29;
03/04/2021;73;57023;2008;6.63;59499;57023;-3.28;2.705;
02/04/2021;74;58959;2134;6.15;59834;58727;0.39;1.835;
01/04/2021;74;58727;1967;4.35;59173;58498;-0.12;0.255;
31/03/2021;76;58796;1918;8.12;59453;57698;-0.08;0.02;
30/03/2021;72;58841;1841;7.87;59349;57278;2.03;1.055;
29/03/2021;72;57672;1816;10.12;58162;54984;3.41;0.69;
28/03/2021;74;55773;1687;4.21;56326;55089;-0.20;1.805;
27/03/2021;65;55886;1712;5.18;56249;54373;1.62;0.91;
26/03/2021;54;54993;1699;7.71;54993;51363;7.07;2.725;
25/03/2021;60;51363;1588;11.59;52926;50874;-1.88;4.475;
24/03/2021;65;52347;1586;14.08;56919;52347;-3.65;0.885;
23/03/2021;66;54331;1669;6.57;55647;53541;0.48;2.065;
22/03/2021;70;54074;1683;8.72;58036;54074;-5.74;3.11;
21/03/2021;73;57368;1783;8.29;58500;56200;-1.24;2.25;
20/03/2021;75;58087;1805;6.78;59421;58074;0.02;0.63;
19/03/2021;71;58074;1808;6.48;58961;57030;0.75;0.365;
18/03/2021;72;57640;1778;7.24;59799;57580;-2.09;1.42;
17/03/2021;71;58870;1823;11.27;58870;54576;3.42;2.755;
16/03/2021;71;56924;1806;10.49;56924;54049;2.30;0.56;
15/03/2021;76;55644;1793;14.78;60141;55644;-5.70;4;
14/03/2021;78;59005;1849;6.64;61468;59005;-3.60;1.05;
13/03/2021;74;61207;1922;13.7;61207;56488;6.79;5.195;
12/03/2021;70;57315;1766;9.56;57869;55946;-0.96;3.875;
11/03/2021;73;57869;1824;8.66;57921;54834;3.42;2.19;
10/03/2021;68;55955;1795;10.68;57033;53699;1.83;0.795;
09/03/2021;81;54949;1869;8.2;54949;52395;4.88;1.525;
08/03/2021;81;52395;1833;6.15;52395;49821;2.67;1.105;
07/03/2021;76;51031;1725;5.37;51031;48895;4.37;0.85;
06/03/2021;77;48895;1649;4.21;49043;47515;0.17;2.1;
05/03/2021;77;48811;1528;9.42;49277;46662;0.92;0.375;
04/03/2021;84;48368;1539;9.56;51556;48059;-4.08;2.5;
03/03/2021;78;50425;1568;8.6;52018;48526;3.91;3.995;
02/03/2021;78;48526;1487;8.37;49572;47454;-2.11;3.01;
01/03/2021;38;49572;1570;9.42;49572;45300;9.43;5.77;
28/02/2021;55;45300;1418;13.54;46361;43380;-1.98;5.705;
27/02/2021;56;46217;1458;7.6;47767;46217;-0.22;0.88;
26/02/2021;55;46319;1445;22.33;48250;45320;-1.75;0.765;
25/02/2021;79;47144;1479;9.55;51511;47144;-5.17;1.71;
24/02/2021;76;49715;1624;12;51043;47179;1.69;3.43;
23/02/2021;94;48888;1578;32.59;54078;45344;-9.60;5.645;
22/02/2021;94;54078;1777;27.31;57376;48383;-5.75;1.925;
21/02/2021;91;57376;1934;6.69;58238;55639;2.75;4.25;
20/02/2021;91;55838;1916;11.63;57352;55182;-0.02;1.385;
19/02/2021;93;55847;1955;11.8;56093;51079;8.30;4.16;
18/02/2021;91;51566;1937;5.87;52433;51357;-0.95;4.625;
17/02/2021;95;52060;1847;9.21;52284;49225;5.76;3.355;
16/02/2021;95;49225;1783;13.04;49534;47643;2.68;1.54;
15/02/2021;93;47941;1780;9.88;48694;46563;-1.33;2.005;
14/02/2021;95;48587;1801;7.34;49279;47177;2.99;2.16;
13/02/2021;92;47177;1815;5.23;47939;46582;-0.45;1.72;
12/02/2021;92;47389;1839;10.79;48540;47072;-1.20;0.375;
11/02/2021;93;47966;1785;10.3;47981;44444;6.98;4.09;
10/02/2021;92;44835;1741;10.02;47056;44541;-3.55;5.265;
09/02/2021;95;46486;1769;15.9;48004;45882;0.10;1.825;
08/02/2021;83;46440;1749;24.79;46440;38250;19.56;9.73;
07/02/2021;86;38841;1612;7.63;39561;38061;-1.06;10.31;
06/02/2021;84;39257;1677;10.18;40780;38260;2.61;1.835;
05/02/2021;81;38260;1720;4.48;38260;36759;3.48;0.435;
04/02/2021;80;36975;1595;6.42;37998;36521;-1.86;2.67;
03/02/2021;78;37677;1662;8.8;37677;35563;5.94;3.9;
02/02/2021;76;35563;1511;7.01;35960;33559;5.97;0.015;
01/02/2021;77;33559;1373;5.3;34460;32595;1.26;2.355;
31/01/2021;78;33141;1313;5.82;34334;32270;-3.47;2.365;
30/01/2021;76;34334;1376;7.29;34791;33137;0.16;1.815;
29/01/2021;77;34281;1379;28.64;38056;32466;2.85;1.345;
28/01/2021;55;33331;1328;9.17;33418;30344;9.45;3.3;
27/01/2021;78;30454;1241;14.77;32519;29815;-6.35;7.9;
26/01/2021;71;32519;1366;8.54;32735;31434;0.78;3.565;
25/01/2021;74;32268;1319;9.23;34693;32268;-0.09;0.435;
24/01/2021;70;32298;1390;5.89;32830;31481;0.62;0.355;
23/01/2021;74;32099;1233;7.07;33062;31773;-2.91;1.765;
22/01/2021;40;33062;1234;15.72;33631;28991;7.09;5;
21/01/2021;75;30873;1110;22.35;35522;30609;-13.09;10.09;
20/01/2021;78;35521;1378;14.14;36263;33447;-1.22;5.935;
19/01/2021;80;35958;1369;9.61;37673;35958;-2.02;0.4;
18/01/2021;79;36699;1258;8.41;36906;35180;2.22;2.12;
17/01/2021;79;35903;1234;9.85;36570;33914;-0.42;1.32;
16/01/2021;84;36055;1229;10.84;37750;35809;-1.87;0.725;
15/01/2021;88;36741;1169;15.55;39476;35268;-6.20;2.165;
14/01/2021;83;39170;1233;12.97;39750;37193;4.80;5.5;
13/01/2021;78;37375;1011;14.89;37418;33160;9.59;2.395;
12/01/2021;84;34103;1050;22.18;35839;33616;-3.87;6.73;
11/01/2021;90;35476;1089;48.04;38226;31842;-7.19;1.66;
10/01/2021;94;38226;1256;19.01;41209;37436;-4.84;1.175;
09/01/2021;93;40171;1245;8.17;41046;38966;-0.83;2.005;
08/01/2021;93;40509;1235;21.79;41616;37723;2.80;1.815;
07/01/2021;91;39407;1220;22.11;39672;36755;7.22;2.21;
06/01/2021;95;36755;1202;18.62;36755;33901;8.12;0.45;
05/01/2021;93;33996;1100;14.48;33996;30979;6.17;0.975;
04/01/2021;94;32020;1043;24.68;33403;29178;-2.88;4.525;
03/01/2021;93;32971;978;18.91;34253;32110;2.44;2.66;
02/01/2021;94;32185;775;22.01;33168;29192;9.67;3.615;
01/01/2021;94;29346;729;8.33;29498;28932;1.43;4.12;
31/12/2020;95;28933;736;12.22;29133;28358;0.18;0.625;
30/12/2020;91;28880;752;10.51;28892;27316;5.73;2.775;
29/12/2020;91;27315;732;8.92;27315;25923;0.95;2.39;
28/12/2020;92;27058;730;7.6;27308;26241;3.11;1.08;
27/12/2020;91;26241;685;17.96;28051;26241;-0.65;1.88;
26/12/2020;93;26412;636;13.15;26577;24566;6.86;3.755;
25/12/2020;94;24717;627;13.78;24717;23491;4.14;1.36;
24/12/2020;86;23735;613;4.75;23735;22860;2.16;0.99;
23/12/2020;93;23234;585;12.07;23916;22917;-2.40;2.28;
22/12/2020;88;23805;637;7.41;23805;22490;4.86;3.63;
21/12/2020;92;22701;608;14.18;23901;22483;-3.10;3.98;
20/12/2020;92;23427;639;9.6;24099;23332;-1.58;0.76;
19/12/2020;93;23804;658;9.67;24058;22966;2.93;2.255;
18/12/2020;95;23127;654;7.28;23142;22544;1.41;0.76;
17/12/2020;92;22807;643;22.87;23492;21322;6.96;2.775;
16/12/2020;92;21322;638;21.07;21322;19388;9.57;1.305;
15/12/2020;91;19459;589;6.93;19548;19135;0.92;4.325;
14/12/2020;95;19281;586;2.53;19281;19076;0.53;0.195;
13/12/2020;91;19180;591;4.83;19338;18747;1.96;0.715;
12/12/2020;90;18811;568;3.68;18821;18050;4.21;1.125;
11/12/2020;89;18050;544;6.57;18260;17764;-1.15;2.68;
10/12/2020;94;18260;558;3.66;18560;18155;-1.62;0.235;
09/12/2020;86;18560;574;9.77;18630;17827;1.23;1.425;
08/12/2020;95;18335;555;9.62;19299;18335;-4.49;2.86;
07/12/2020;94;19196;591;2.29;19410;18959;-1.10;1.695;
06/12/2020;95;19410;601;4.33;19410;19016;1.32;1.21;
05/12/2020;93;19157;596;3.66;19157;18657;2.68;0.68;
04/12/2020;92;18657;568;8.65;19452;18657;-4.06;3.37;
03/12/2020;92;19447;616;5.25;19560;18999;1.07;2.565;
02/12/2020;92;19241;598;7.63;19275;18538;2.31;0.62;
01/12/2020;95;18807;585;21.94;19733;18727;-4.47;3.39;
30/11/2020;88;19686;616;14.95;19723;18196;8.19;6.33;
29/11/2020;89;18196;575;3.99;18212;17579;2.54;2.825;
28/11/2020;87;17746;538;5.75;17800;16997;3.36;0.41;
27/11/2020;86;17169;517;11.21;17492;16615;-0.29;1.825;
26/11/2020;93;17219;519;34.34;18824;16592;-8.07;3.89;
25/11/2020;94;18730;570;13.48;19303;18730;-2.12;2.975;
24/11/2020;88;19135;605;14.94;19349;18357;4.15;3.135;
23/11/2020;90;18373;609;8.76;18655;18158;-0.14;2.145;
22/11/2020;94;18399;560;9.1;18668;18122;-1.40;0.63;
21/11/2020;91;18660;552;6.62;18945;18521;-0.05;0.675;
20/11/2020;86;18669;510;7.97;18700;17810;4.82;2.435;
19/11/2020;94;17810;471;5.57;18140;17486;0.21;2.305;
18/11/2020;91;17773;478;17.52;18212;17379;0.56;0.175;
17/11/2020;86;17675;482;12.21;17740;16627;5.77;2.605;
16/11/2020;90;16710;460;6.52;16828;15906;4.68;0.545;
15/11/2020;86;15962;448;2.56;16095;15871;-0.60;2.64;
14/11/2020;90;16058;450;5.09;16310;15833;-1.54;0.47;
13/11/2020;89;16310;455;7.7;16405;16079;0.10;0.82;
12/11/2020;87;16294;462;12.3;16294;15656;3.72;1.81;
11/11/2020;86;15710;463;6.94;15912;15312;2.60;0.56;
10/11/2020;90;15312;450;3.74;15402;15177;-0.11;1.355;
09/11/2020;90;15329;444;8.95;15687;15064;-1.11;0.5;
08/11/2020;82;15501;455;6.47;15554;14844;4.43;2.77;
07/11/2020;88;14844;435;14.37;15610;14734;-4.67;4.55;
06/11/2020;90;15572;456;12.1;15876;15441;-0.01;2.33;
05/11/2020;72;15574;417;15.9;15574;14160;9.99;5;
04/11/2020;74;14160;402;10.1;14160;13643;0.96;4.515;
03/11/2020;71;14025;388;5.81;14025;13401;3.41;1.225;
02/11/2020;71;13563;383;6.59;13829;13414;-1.40;2.405;
01/11/2020;72;13756;397;3.11;13829;13680;-0.23;0.585;
31/10/2020;73;13788;387;8.95;13958;13499;1.62;0.925;
30/10/2020;74;13568;382;4.66;13642;13250;0.87;0.375;
29/10/2020;67;13451;387;4.07;13555;13153;1.35;0.24;
28/10/2020;70;13272;388;7.11;13763;13041;-2.60;1.975;
27/10/2020;61;13626;403;8.98;13704;13061;4.33;3.465;
26/10/2020;75;13061;393;3.68;13205;12863;0.18;2.075;
25/10/2020;76;13037;406;3.63;13298;12990;-0.72;0.45;
24/10/2020;73;13132;412;1.97;13166;12905;1.52;1.12;
23/10/2020;74;12935;409;2.9;12999;12757;-0.41;0.965;
22/10/2020;73;12988;414;6.09;13128;12738;1.27;0.84;
21/10/2020;61;12825;391;15.4;13099;11925;7.55;3.14;
20/10/2020;56;11925;369;5.42;11980;11723;1.43;3.06;
19/10/2020;55;11757;379;3.77;11764;11451;2.08;0.325;
18/10/2020;55;11518;378;1.32;11518;11366;1.26;0.41;
17/10/2020;56;11375;369;1.04;11375;11325;0.44;0.41;
16/10/2020;52;11325;365;3.46;11540;11268;-1.60;1.02;
15/10/2020;56;11509;378;4.26;11513;11335;0.60;1.1;
14/10/2020;53;11440;379;2.69;11547;11347;-0.02;0.31;
13/10/2020;56;11442;381;3.91;11560;11393;-1.02;0.5;
12/10/2020;52;11560;386;6.37;11699;11284;1.54;1.28;
11/10/2020;55;11385;374;1.48;11430;11308;0.68;0.43;
10/10/2020;53;11308;371;4.17;11450;11071;2.14;0.73;
09/10/2020;48;11071;365;2.57;11102;10878;1.17;0.485;
08/10/2020;46;10943;351;3.64;10943;10577;2.40;0.615;
07/10/2020;43;10687;342;1.67;10687;10584;0.69;0.855;
06/10/2020;47;10614;341;3.22;10807;10592;-1.79;1.24;
05/10/2020;42;10807;353;1.78;10807;10669;1.12;1.455;
04/10/2020;42;10687;352;1.63;10694;10558;1.22;0.05;
03/10/2020;40;10559;346;0.83;10608;10535;-0.26;0.74;
02/10/2020;41;10586;346;3.74;10634;10476;-0.45;0.095;
01/10/2020;45;10634;353;5.68;10909;10523;-1.48;0.515;
30/09/2020;49;10794;360;1.5;10856;10715;-0.57;0.455;
29/09/2020;45;10856;360;1.79;10856;10697;1.34;0.955;
28/09/2020;43;10712;354;3.79;10941;10712;-0.84;1.09;
27/09/2020;47;10803;357;1.75;10807;10664;0.49;0.665;
26/09/2020;45;10750;354;0.94;10777;10701;0.39;0.05;
25/09/2020;46;10708;352;2.35;10765;10629;-0.43;0.41;
24/09/2020;39;10754;349;3.2;10760;10263;4.78;2.605;
23/09/2020;43;10263;320;3.09;10549;10255;-2.71;3.745;
22/09/2020;39;10549;344;2.41;10589;10435;1.10;1.905;
21/09/2020;48;10434;340;6.01;10981;10434;-4.58;2.84;
20/09/2020;52;10935;371;1.82;11099;10848;-1.48;1.55;
19/09/2020;48;11099;385;2.47;11127;10957;1.29;1.385;
18/09/2020;49;10957;384;2.26;11022;10868;-0.02;0.655;
17/09/2020;48;10959;389;2.51;11040;10813;-0.11;0.045;
16/09/2020;43;10971;365;4.8;11091;10691;1.61;0.86;
15/09/2020;47;10797;364;4.99;10900;10690;1.04;0.285;
14/09/2020;39;10686;377;3.68;10754;10331;3.44;1.2;
13/09/2020;38;10331;366;4.04;10560;10244;-1.21;2.325;
12/09/2020;41;10458;388;1.43;10464;10352;0.51;0.86;
11/09/2020;41;10405;374;2.47;10405;10220;0.48;0.015;
10/09/2020;38;10355;368;3.55;10407;10240;1.12;0.32;
09/09/2020;38;10240;351;2.41;10324;10030;0.89;0.115;
08/09/2020;41;10150;338;6.76;10397;10007;-2.38;1.635;
07/09/2020;41;10397;354;6.3;10397;9964;1.18;1.78;
06/09/2020;41;10276;353;2.76;10325;10122;0.77;0.205;
05/09/2020;41;10197;335;8.51;10518;10046;-2.74;1.755;
04/09/2020;40;10485;385;13.59;10593;10170;3.09;2.915;
03/09/2020;79;10170;381;15.88;11408;10011;-10.85;6.97;
02/09/2020;83;11408;440;6.19;11942;11334;-4.47;3.19;
01/09/2020;75;11942;476;5.02;12037;11616;2.32;3.395;
31/08/2020;75;11671;434;2.24;11734;11639;-0.50;1.41;
30/08/2020;75;11730;429;2.1;11730;11492;2.07;1.285;
29/08/2020;79;11492;399;1.52;11587;11476;-0.46;1.265;
28/08/2020;74;11545;395;2.02;11545;11343;1.78;1.12;
27/08/2020;75;11343;383;4.81;11471;11254;-1.12;1.45;
26/08/2020;76;11471;386;2.48;11482;11316;1.15;1.135;
25/08/2020;75;11341;383;6.16;11768;11200;-3.63;2.39;
24/08/2020;78;11768;408;1.99;11818;11617;0.90;2.265;
23/08/2020;76;11663;391;1.93;11693;11551;-0.19;0.545;
22/08/2020;78;11685;395;3.46;11691;11449;1.34;0.765;
21/08/2020;81;11531;388;6.1;11889;11531;-2.97;2.155;
20/08/2020;75;11884;416;2.73;11900;11719;0.90;1.935;
19/08/2020;80;11778;408;6.29;12004;11695;-1.54;1.22;
18/08/2020;82;11962;422;7.18;12359;11927;-2.75;0.605;
17/08/2020;83;12300;431;10.12;12415;11826;3.14;2.945;
16/08/2020;82;11925;434;2.71;11925;11781;0.43;1.355;
15/08/2020;79;11873;432;4.04;11977;11761;0.96;0.265;
14/08/2020;78;11761;438;4.65;11824;11699;-0.27;0.615;
13/08/2020;75;11793;424;5.78;11793;11388;1.74;1.005;
12/08/2020;75;11591;387;5.82;11591;11257;1.86;0.06;
11/08/2020;84;11380;379;7.11;11912;11278;-4.31;3.085;
10/08/2020;78;11892;395;6.57;12024;11676;1.85;3.08;
09/08/2020;79;11676;390;1.57;11782;11572;-0.75;1.3;
08/08/2020;77;11764;397;1.87;11772;11564;1.59;1.17;
07/08/2020;77;11580;379;5.09;11845;11509;-1.52;1.555;
06/08/2020;79;11759;395;3.9;11858;11650;0.20;0.86;
05/08/2020;75;11736;401;5.79;11736;11182;4.93;2.365;
04/08/2020;72;11184;390;3.26;11347;11096;-0.38;2.655;
03/08/2020;75;11227;386;4.09;11389;11054;1.56;0.97;
02/08/2020;80;11054;372;13.22;11917;11032;-6.36;3.96;
01/08/2020;75;11805;387;10.57;11805;11307;4.01;5.185;
31/07/2020;75;11350;346;5.83;11378;11038;2.04;0.985;
30/07/2020;76;11123;335;4.25;11180;10965;0.05;0.995;
29/07/2020;71;11117;318;8.82;11240;10929;1.69;0.82;
28/07/2020;76;10932;317;9.88;11212;10761;-1.01;1.35;
27/07/2020;58;11044;322;21.58;11249;9946;11.02;6.015;
26/07/2020;55;9948;311;8.94;10008;9686;2.40;4.31;
25/07/2020;55;9715;305;2.56;9731;9559;1.63;0.385;
24/07/2020;53;9559;279;2.26;9615;9505;-0.58;1.105;
23/07/2020;55;9615;275;4.7;9643;9495;0.60;0.59;
22/07/2020;50;9558;264;4.14;9558;9349;1.66;0.53;
21/07/2020;44;9402;245;5.4;9434;9179;2.43;0.385;
20/07/2020;44;9179;236;1.4;9231;9170;-0.56;1.495;
19/07/2020;41;9231;239;1.44;9231;9131;0.46;0.51;
18/07/2020;44;9189;236;1.17;9200;9143;0.24;0.11;
17/07/2020;41;9167;233;1.06;9172;9129;0.19;0.025;
16/07/2020;43;9150;234;2.87;9216;9092;-0.65;0.42;
15/07/2020;44;9210;239;0.9;9263;9196;-0.58;0.035;
14/07/2020;43;9263;240;2.2;9271;9195;0.12;0.35;
13/07/2020;43;9252;240;1.93;9345;9238;-0.68;0.4;
12/07/2020;41;9316;243;1.86;9316;9196;0.75;0.715;
11/07/2020;44;9246;239;0.81;9306;9222;-0.64;0.695;
10/07/2020;41;9306;241;1.42;9306;9162;0.61;0.625;
09/07/2020;44;9249;242;3.71;9447;9215;-2.10;1.355;
08/07/2020;44;9447;247;3.81;9481;9268;1.94;2.02;
07/07/2020;43;9268;239;1.63;9361;9255;-1.00;1.47;
06/07/2020;40;9361;241;4.26;9361;9080;2.99;1.995;
05/07/2020;38;9090;228;2.08;9152;9005;-0.63;1.81;
04/07/2020;40;9148;229;1.13;9204;9060;0.81;0.72;
03/07/2020;41;9074;225;1.09;9136;9058;-0.29;0.55;
02/07/2020;42;9100;226;3.79;9266;8950;-1.51;0.61;
01/07/2020;42;9240;231;2.19;9298;9110;0.98;1.245;
30/06/2020;44;9151;226;1.83;9207;9077;-0.48;0.73;
29/06/2020;41;9194;228;3.64;9242;9030;0.73;0.605;
28/06/2020;40;9128;225;2.11;9193;8949;1.25;0.26;
27/06/2020;43;9015;221;3.37;9200;8857;-1.72;1.485;
26/06/2020;40;9173;230;3.69;9299;9054;-0.91;0.405;
25/06/2020;43;9257;233;5.55;9344;9013;-0.59;0.16;
24/06/2020;50;9312;235;5.52;9684;9222;-3.35;1.38;
23/06/2020;41;9635;243;3.42;9724;9595;-0.65;1.35;
22/06/2020;38;9698;243;5.88;9794;9285;4.30;2.475;
21/06/2020;37;9298;228;1.34;9431;9292;-0.78;2.54;
20/06/2020;38;9371;229;1.87;9401;9179;0.60;0.69;
19/06/2020;39;9316;229;2.62;9440;9242;-0.90;0.75;
18/06/2020;40;9400;231;1.66;9496;9287;-0.77;0.065;
17/06/2020;38;9473;234;3.14;9566;9261;-0.64;0.065;
16/06/2020;39;9534;235;3.44;9590;9388;1.07;0.855;
15/06/2020;37;9434;231;10.16;9510;8915;0.95;0.06;
14/06/2020;40;9345;232;2.69;9486;9262;-1.43;1.19;
13/06/2020;38;9481;238;1.85;9498;9364;0.13;0.78;
12/06/2020;38;9468;238;5.05;9544;9246;2.11;0.99;
11/06/2020;52;9272;230;15.78;9973;9089;-6.33;4.22;
10/06/2020;54;9899;248;4.46;10004;9699;1.31;3.82;
09/06/2020;52;9771;244;3.4;9876;9582;-0.13;0.72;
08/06/2020;53;9783;246;2.36;9800;9650;0.38;0.255;
07/06/2020;54;9746;245;4.71;9814;9402;0.81;0.215;
06/06/2020;54;9668;242;1.95;9733;9553;0.50;0.155;
05/06/2020;53;9621;240;3.62;9862;9621;-1.74;1.12;
04/06/2020;54;9791;243;4.28;9882;9477;1.23;1.485;
03/06/2020;48;9672;245;2.66;9684;9400;1.49;0.13;
02/06/2020;56;9530;238;21.47;10242;9197;-6.76;4.125;
01/06/2020;50;10221;248;13.43;10390;9422;8.13;7.445;
31/05/2020;51;9452;232;3.69;9707;9403;-2.62;5.375;
30/05/2020;48;9706;244;6.16;9742;9338;2.97;2.795;
29/05/2020;48;9426;221;3.88;9619;9352;-1.70;2.335;
28/05/2020;41;9589;220;7.63;9630;9122;4.11;2.905;
27/05/2020;39;9210;208;5.46;9225;8823;4.12;0.005;
26/05/2020;39;8846;201;3.94;9013;8705;-0.63;2.375;
25/05/2020;41;8902;204;5.61;8961;8629;2.19;1.41;
24/05/2020;43;8712;200;6.73;9300;8700;-5.05;3.62;
23/05/2020;40;9175;207;2.45;9304;9089;0.13;2.59;
22/05/2020;42;9162;207;3.83;9257;8936;1.14;0.505;
21/05/2020;49;9060;199;11.34;9564;8821;-4.66;2.9;
20/05/2020;52;9502;210;9.6;9841;9305;-2.74;0.96;
19/05/2020;50;9770;215;5.59;9878;9470;0.57;1.655;
18/05/2020;50;9715;215;9.2;9941;9462;0.48;0.045;
17/05/2020;40;9668;207;9.66;9878;9334;2.98;1.25;
16/05/2020;41;9388;201;4.16;9580;9224;0.80;1.09;
15/05/2020;44;9313;195;11.34;9837;9134;-4.88;2.84;
14/05/2020;40;9791;203;12.87;9938;9268;5.14;5.01;
13/05/2020;41;9312;200;9.89;9403;8800;5.68;0.27;
12/05/2020;39;8811;190;5.65;8967;8527;3.00;1.34;
11/05/2020;40;8555;186;20.56;9136;8211;-1.96;2.48;
10/05/2020;48;8726;188;26.5;9558;8107;-8.51;3.275;
09/05/2020;56;9538;210;8.26;9900;9499;-2.60;2.955;
08/05/2020;55;9793;211;12.2;10025;9714;-1.87;0.365;
07/05/2020;49;9980;212;19.87;10045;9050;8.97;5.42;
06/05/2020;42;9158;199;8.73;9415;8918;1.53;3.72;
05/05/2020;40;9020;205;7.71;9120;8771;1.74;0.105;
04/05/2020;44;8866;207;9.32;8959;8535;-0.38;1.06;
03/05/2020;45;8900;210;9.72;9198;8739;-0.92;0.27;
02/05/2020;40;8982;214;5.09;8999;8763;1.81;1.365;
01/05/2020;40;8823;212;7.92;9070;8631;2.17;0.18;
30/04/2020;44;8635;206;29.83;9439;8416;-1.57;1.87;
29/04/2020;26;8773;215;30.21;8918;7706;13.12;7.345;
28/04/2020;26;7756;197;5.62;7778;7659;-0.28;6.7;
27/04/2020;28;7778;196;6.9;7778;7623;1.05;0.665;
26/04/2020;21;7697;197;5.32;7697;7487;2.10;0.525;
25/04/2020;24;7539;194;5.17;7700;7450;0.42;0.84;
24/04/2020;20;7507;187;8.8;7614;7428;0.15;0.135;
23/04/2020;19;7495;185;16.38;7745;7047;5.08;2.465;
22/04/2020;19;7133;183;5.15;7164;6826;4.13;0.475;
21/04/2020;17;6850;171;6.46;6956;6771;0.12;2.005;
20/04/2020;15;6842;170;9.96;7235;6767;-4.09;2.105;
19/04/2020;16;7133;180;4.74;7285;7059;-1.87;1.11;
18/04/2020;18;7269;187;5.2;7300;7045;3.17;2.52;
17/04/2020;15;7046;171;4.68;7159;7013;-0.97;2.07;
16/04/2020;13;7115;172;17.75;7200;6500;7.25;4.11;
15/04/2020;18;6634;153;6.01;6938;6621;-3.47;5.36;
14/04/2020;15;6872;159;4.3;6985;6763;0.35;1.91;
13/04/2020;11;6849;156;12.68;6917;6577;-0.93;0.64;
12/04/2020;10;6913;159;8.89;7192;6798;0.41;0.67;
11/04/2020;15;6885;158;4.07;6954;6780;0.13;0.14;
10/04/2020;15;6876;158;15.84;7306;6756;-5.73;2.93;
09/04/2020;22;7294;170;7.75;7371;7117;-1.00;2.365;
08/04/2020;21;7367;173;8.18;7420;7156;2.28;1.64;
07/04/2020;20;7203;165;11.99;7452;7088;-1.95;2.115;
06/04/2020;12;7346;171;14.59;7350;6780;8.38;5.165;
05/04/2020;12;6778;143;5.65;6915;6693;-1.51;4.945;
04/04/2020;12;6882;144;7.12;7011;6660;2.09;1.8;
03/04/2020;14;6741;141;9.97;7048;6625;-1.14;1.615;
02/04/2020;14;6818;141;20.08;7263;6591;2.15;1.645;
01/04/2020;12;6675;136;11.23;6715;6180;3.85;0.85;
31/03/2020;12;6428;133;5.75;6536;6350;0.31;1.77;
30/03/2020;10;6408;132;12.38;6627;5881;8.74;4.215;
29/03/2020;12;5893;124;11.22;6280;5893;-5.71;7.225;
28/03/2020;8;6249;131;12.96;6366;6061;-1.89;1.91;
27/03/2020;12;6370;131;11.08;6856;6278;-5.64;1.875;
26/03/2020;14;6751;138;6.73;6790;6537;0.93;3.285;
25/03/2020;13;6688;136;13.79;6968;6450;-1.09;1.01;
24/03/2020;12;6762;138;16.62;6839;6406;4.17;2.63;
23/03/2020;10;6491;136;19.55;6652;5683;11.40;3.615;
22/03/2020;11;5827;122;16.28;6411;5757;-6.04;8.72;
21/03/2020;9;6202;133;12.94;6461;5885;-0.06;2.99;
20/03/2020;9;6206;133;31.08;6897;5688;0.52;0.29;
19/03/2020;12;6173;136;31.25;6413;5266;13.98;6.73;
18/03/2020;11;5416;118;21.13;5453;5034;1.33;6.325;
17/03/2020;8;5345;116;19.6;5564;4964;5.67;2.17;
16/03/2020;9;5059;111;41.78;5382;4468;-6.03;5.85;
15/03/2020;12;5383;124;22.62;5984;5133;3.16;4.595;
14/03/2020;8;5218;123;18.64;5673;5099;-7.24;5.2;
13/03/2020;10;5625;134;102.82;5965;4001;14.17;10.705;
12/03/2020;14;4927;108;116.68;8002;4612;-38.18;26.175;
11/03/2020;17;7970;195;10.98;8021;7635;0.71;19.445;
10/03/2020;16;7914;201;10.17;8180;7779;-0.67;0.69;
09/03/2020;17;7967;203;22.56;8215;7700;-1.32;0.325;
08/03/2020;33;8074;199;25.59;8917;8050;-9.47;4.075;
07/03/2020;38;8919;237;4.49;9231;8885;-2.85;3.31;
06/03/2020;39;9181;245;3.14;9200;9016;0.99;1.92;
05/03/2020;41;9091;228;5.72;9185;8795;3.44;1.225;
04/03/2020;40;8789;224;4.17;8878;8718;-0.03;1.735;
03/03/2020;38;8791;224;5.32;8940;8700;-1.64;0.805;
02/03/2020;38;8938;232;5.32;8991;8525;4.35;2.995;
01/03/2020;39;8565;218;5.39;8775;8460;0.09;2.13;
29/02/2020;38;8557;217;2.5;8821;8557;-1.96;1.025;
28/02/2020;40;8728;227;7.09;8908;8455;-1.11;0.425;
27/02/2020;39;8826;228;8.39;8975;8555;0.14;0.625;
26/02/2020;41;8813;224;14.59;9386;8653;-5.51;2.825;
25/02/2020;44;9328;247;8.49;9687;9251;-3.58;0.965;
24/02/2020;46;9674;266;6.59;10022;9484;-3.11;0.235;
23/02/2020;46;9985;275;7.3;10001;9660;3.34;3.225;
22/02/2020;43;9662;262;1.84;9714;9565;-0.32;1.83;
21/02/2020;44;9694;265;11.1;9757;9568;0.89;0.605;
20/02/2020;44;9608;257;6.5;9695;9362;0.17;0.36;
19/02/2020;50;9592;260;13.94;10309;9350;-5.80;2.985;
18/02/2020;53;10183;282;8.25;10275;9626;4.89;5.345;
17/02/2020;49;9708;268;9.3;9964;9502;-2.23;3.56;
16/02/2020;59;9930;260;6.93;10037;9651;0.29;1.26;
15/02/2020;64;9901;265;6.4;10370;9800;-4.20;2.245;
14/02/2020;63;10335;286;4.13;10371;10101;1.11;2.655;
13/02/2020;65;10222;268;8.98;10489;10080;-1.13;1.12;
12/02/2020;61;10339;265;8.71;10458;10238;0.90;1.015;
11/02/2020;52;10247;237;8.45;10316;9720;4.03;1.565;
10/02/2020;57;9850;223;8.52;10187;9738;-2.96;3.495;
09/02/2020;56;10151;229;9.64;10161;9871;2.77;2.865;
08/02/2020;56;9877;223;5.53;9921;9658;0.73;1.02;
07/02/2020;56;9805;223;3.7;9860;9696;0.62;0.055;
06/02/2020;61;9745;213;8.58;9860;9547;1.38;0.38;
05/02/2020;53;9612;204;10.77;9731;9180;4.51;1.565;
04/02/2020;56;9197;189;4.07;9360;9113;-1.20;2.855;
03/02/2020;59;9309;190;6.72;9625;9247;-0.47;0.365;
02/02/2020;57;9353;188;6.44;9501;9175;-0.61;0.07;
01/02/2020;57;9411;184;2.53;9476;9318;0.46;0.535;
31/01/2020;55;9367;180;4.87;9520;9222;-1.53;0.995;
30/01/2020;57;9513;185;9.02;9550;9176;2.24;1.885;
29/01/2020;57;9304;174;4.6;9442;9244;-0.95;1.595;
28/01/2020;54;9394;176;9.12;9413;8912;5.41;3.18;
27/01/2020;50;8912;170;6.28;9002;8585;3.37;1.02;
26/01/2020;42;8622;168;3.52;8622;8304;3.21;0.08;
25/01/2020;41;8354;160;2.1;8447;8280;-1.11;2.16;
24/01/2020;40;8447;163;3.51;8522;8248;0.52;0.815;
23/01/2020;49;8404;163;5.7;8669;8297;-3.01;1.765;
22/01/2020;52;8664;168;2.35;8800;8581;-0.80;1.105;
21/01/2020;49;8734;169;3.25;8783;8512;1.11;0.955;
20/01/2020;48;8638;167;4.11;8741;8520;-0.64;0.875;
19/01/2020;53;8694;167;12.41;9170;8456;-2.22;0.79;
18/01/2020;51;8892;174;3.46;8965;8794;0.18;1.2;
17/01/2020;54;8875;170;9.69;8995;8674;1.78;0.8;
16/01/2020;55;8721;164;5.31;8840;8580;-0.99;1.385;
15/01/2020;54;8808;166;8.78;8873;8560;0.37;0.68;
14/01/2020;56;8776;166;16.57;8829;8099;8.41;4.02;
13/01/2020;49;8095;144;2.59;8198;8054;-0.98;4.695;
12/01/2020;45;8175;146;3.21;8175;7952;2.01;1.495;
11/01/2020;50;8014;143;4.25;8272;7995;-1.99;2;
10/01/2020;41;8176;145;7.86;8178;7679;4.59;3.29;
09/01/2020;44;7818;138;4.67;8037;7756;-2.73;3.66;
08/01/2020;51;8037;141;11.76;8442;7883;-1.39;0.67;
07/01/2020;40;8150;143;12.35;8200;7742;5.05;3.22;
06/01/2020;41;7758;144;8.54;7785;7358;5.34;0.145;
05/01/2020;39;7365;135;4.45;7510;7316;-0.07;2.705;
04/01/2020;38;7370;134;4.27;7422;7298;0.03;0.05;
03/01/2020;38;7368;134;6.68;7438;6909;5.41;2.69;
02/01/2020;39;6989;127;4.85;7225;6963;-3.10;4.255;
01/01/2020;37;7213;131;2.07;7269;7185;0.06;1.58;
31/12/2019;38;7208;129;2.99;7333;7161;-0.72;0.39;
30/12/2019;40;7261;132;4.09;7422;7218;-2.12;0.7;
29/12/2019;37;7418;134;2.49;7552;7312;1.14;1.63;
28/12/2019;37;7334;128;2.73;7390;7281;0.65;0.245;
27/12/2019;38;7287;126;4;7300;7114;0.75;0.05;
26/12/2019;39;7232;126;4.72;7464;7189;0.17;0.29;
25/12/2019;22;7220;125;3.36;7287;7145;-0.78;0.475;
24/12/2019;25;7277;128;4.25;7445;7183;-0.96;0.09;
23/12/2019;33;7347;128;7.08;7715;7283;-2.45;0.745;
22/12/2019;20;7532;132;3.62;7541;7160;5.10;3.775;
21/12/2019;23;7166;127;2.28;7215;7145;-0.65;2.875;
20/12/2019;23;7213;128;5.7;7249;7117;0.43;0.54;
19/12/2019;21;7182;128;5.43;7413;7089;-1.93;1.18;
18/12/2019;15;7323;133;13.75;7480;6479;9.84;5.885;
17/12/2019;23;6667;122;12.66;6972;6624;-3.75;6.795;
16/12/2019;24;6927;133;13.42;7190;6900;-3.16;0.295;
15/12/2019;21;7153;142;3.53;7219;7047;0.73;1.945;
14/12/2019;27;7101;142;3.41;7291;7039;-2.50;1.615;
13/12/2019;22;7283;145;2.9;7332;7219;0.82;1.66;
12/12/2019;23;7224;145;5.64;7326;7134;-0.09;0.455;
11/12/2019;20;7231;143;3.12;7296;7170;-0.33;0.12;
10/12/2019;26;7255;146;3.64;7433;7208;-1.69;0.68;
09/12/2019;32;7380;147;6.56;7701;7309;-2.45;0.38;
08/12/2019;28;7565;150;4.3;7620;7434;0.28;1.365;
07/12/2019;32;7543;147;1.72;7665;7520;-0.59;0.435;
06/12/2019;29;7588;148;5.71;7649;7350;1.99;1.29;
05/12/2019;21;7440;148;4.79;7523;7194;2.79;0.4;
04/12/2019;24;7238;145;11.72;7888;7134;-1.33;2.06;
03/12/2019;28;7336;147;2.3;7454;7288;-0.19;0.57;
02/12/2019;28;7350;149;4.63;7467;7209;-1.34;0.575;
01/12/2019;25;7450;151;6.33;7600;7289;-1.97;0.315;
30/11/2019;38;7600;152;4.97;7850;7495;-2.52;0.275;
29/11/2019;31;7797;154;7.28;7916;7450;4.50;3.51;
28/11/2019;32;7461;151;4.34;7683;7415;-1.17;2.835;
27/11/2019;20;7549;153;13.9;7689;6880;4.88;3.025;
26/11/2019;21;7198;147;5.2;7385;7061;0.42;2.23;
25/11/2019;17;7168;146;18.52;7414;6619;2.91;1.245;
24/11/2019;21;6965;140;8.58;7372;6922;-5.27;4.09;
23/11/2019;23;7353;152;4.63;7385;7141;0.40;2.835;
22/11/2019;20;7323;150;19.37;7763;6820;-4.54;2.47;
21/11/2019;30;7671;161;9.89;8156;7510;-5.60;0.53;
20/11/2019;32;8126;175;2.06;8255;8081;-0.47;2.565;
19/11/2019;32;8165;176;3.7;8242;8055;-0.66;0.095;
18/11/2019;38;8220;178;6.36;8537;8119;-3.72;1.53;
17/11/2019;38;8537;184;2.84;8663;8422;0.16;1.94;
16/11/2019;41;8524;182;1.53;8553;8443;0.33;0.085;
15/11/2019;38;8496;180;5.18;8798;8420;-1.85;1.09;
14/11/2019;41;8656;185;3.3;8817;8601;-1.65;0.1;
13/11/2019;38;8801;188;1.34;8849;8730;-0.33;0.66;
12/11/2019;39;8830;187;3.5;8892;8602;1.06;0.695;
11/11/2019;40;8738;185;4.24;9107;8633;-3.65;2.355;
10/11/2019;39;9068;189;4.64;9157;8764;2.72;3.185;
09/11/2019;38;8828;185;1.96;8891;8736;0.52;1.1;
08/11/2019;42;8782;184;7.86;9252;8688;-4.62;2.57;
07/11/2019;54;9208;187;3.75;9387;9087;-1.55;1.535;
06/11/2019;53;9353;191;3.47;9475;9278;0.20;0.875;
05/11/2019;54;9334;189;3.41;9504;9200;-1.14;0.67;
04/11/2019;49;9441;186;7.47;9622;9152;2.37;1.755;
03/11/2019;56;9222;182;3.62;9401;9100;-1.18;1.775;
02/11/2019;51;9332;183;3.66;9429;9252;0.46;0.82;
01/11/2019;49;9289;183;4.09;9332;9087;1.13;0.335;
31/10/2019;50;9186;182;5.67;9461;8985;0.01;0.56;
30/10/2019;53;9184;183;5.05;9447;9035;-2.77;1.39;
29/10/2019;54;9446;190;6.73;9558;9101;2.38;2.575;
28/10/2019;52;9226;182;8.99;9948;9217;-3.62;3;
27/10/2019;50;9572;184;11.11;9816;9122;3.25;3.435;
26/10/2019;53;9271;180;32.06;10464;8663;6.82;1.785;
25/10/2019;24;8679;182;17.1;8800;7426;16.45;4.815;
24/10/2019;20;7453;160;5.8;7529;7372;-0.54;8.495;
23/10/2019;33;7494;162;12.98;8075;7342;-7.01;3.235;
22/10/2019;39;8059;171;3.85;8332;8037;-2.24;2.385;
21/10/2019;37;8244;174;3.41;8371;8182;-0.20;1.02;
20/10/2019;37;8261;175;4.87;8336;7922;3.35;1.775;
19/10/2019;41;7993;172;3.51;8117;7927;0.07;1.64;
18/10/2019;40;7987;173;5.3;8135;7860;-1.30;0.685;
17/10/2019;40;8092;177;2.81;8145;7949;0.95;1.125;
16/10/2019;40;8016;175;7.08;8203;7960;-2.14;1.545;
15/10/2019;39;8191;181;3.28;8434;8124;-2.14;0;
14/10/2019;37;8370;187;2.54;8424;8230;0.77;1.455;
13/10/2019;38;8306;181;4.04;8477;8179;-0.15;0.46;
12/10/2019;38;8318;180;1.71;8421;8273;0.46;0.305;
11/10/2019;39;8280;181;6.08;8815;8253;-3.68;2.07;
10/10/2019;41;8596;191;4.32;8683;8472;-0.13;1.775;
09/10/2019;37;8608;193;8.39;8718;8147;4.83;2.48;
08/10/2019;39;8211;181;3.47;8362;8133;-0.19;2.51;
07/10/2019;27;8227;180;8.15;8342;7795;4.36;2.275;
06/10/2019;32;7883;170;5.85;8183;7807;-3.42;3.89;
05/10/2019;31;8163;176;3.33;8211;8040;-0.09;1.665;
04/10/2019;30;8170;176;3.05;8265;8040;-1.06;0.485;
03/10/2019;37;8258;175;3.72;8440;8101;-1.85;0.395;
02/10/2019;39;8413;180;3.45;8420;8194;0.94;1.395;
01/10/2019;38;8335;176;5.84;8539;8228;0.05;0.445;
30/09/2019;27;8331;180;10.92;8384;7753;2.98;1.465;
29/09/2019;33;8090;169;6.14;8260;7931;-1.80;2.39;
28/09/2019;32;8239;174;5.45;8355;8048;0.31;1.055;
27/09/2019;24;8213;174;7.47;8297;7906;1.35;0.52;
26/09/2019;12;8104;166;15.42;8490;7800;-4.38;2.865;
25/09/2019;15;8475;170;12.77;8770;8266;-0.86;1.76;
24/09/2019;39;8548;166;34.87;9788;8110;-11.90;5.52;
23/09/2019;41;9703;201;5.49;10077;9628;-3.48;4.21;
22/09/2019;37;10052;211;2.75;10105;9881;0.39;1.935;
21/09/2019;37;10013;215;2.98;10199;9958;-1.81;1.1;
20/09/2019;41;10198;218;2.51;10340;10105;-1.00;0.405;
19/09/2019;31;10301;220;9.77;10417;9655;1.14;1.07;
18/09/2019;38;10185;210;3.34;10278;10111;-0.28;0.71;
17/09/2019;41;10214;208;2.94;10308;10171;-0.79;0.255;
16/09/2019;38;10295;197;5.52;10399;10100;-0.26;0.265;
15/09/2019;38;10322;189;1.88;10402;10287;-0.55;0.145;
14/09/2019;39;10379;188;3.16;10478;10256;0.05;0.3;
13/09/2019;38;10374;181;4.5;10475;10170;-0.75;0.4;
12/09/2019;39;10452;181;4.4;10488;10065;2.72;1.735;
11/09/2019;38;10175;178;4.35;10297;9867;0.52;1.1;
10/09/2019;41;10122;180;4.21;10399;9962;-1.90;1.21;
09/09/2019;41;10318;181;5.2;10542;10119;-0.93;0.485;
08/09/2019;43;10415;181;3.51;10599;10257;-0.70;0.115;
07/09/2019;39;10488;178;3.38;10581;10305;1.66;1.18;
06/09/2019;43;10317;169;11.28;10933;10218;-2.47;2.065;
05/09/2019;41;10579;174;3.01;10663;10483;-0.11;1.18;
04/09/2019;43;10590;175;6.25;10841;10411;-0.48;0.185;
03/09/2019;41;10641;179;10.74;10766;10300;2.44;1.46;
02/09/2019;28;10388;178;11.14;10473;9755;6.23;1.895;
01/09/2019;24;9779;171;2.87;9858;9560;1.61;2.31;
31/08/2019;20;9624;172;2.75;9710;9472;0.24;0.685;
30/08/2019;24;9601;168;3.75;9710;9384;0.97;0.365;
29/08/2019;20;9509;169;7.08;9727;9360;-2.25;1.61;
28/08/2019;32;9727;173;10.41;10303;9585;-4.48;1.115;
27/08/2019;30;10184;187;4.52;10392;10037;-1.86;1.31;
26/08/2019;41;10377;189;8.98;10654;10144;2.42;2.14;
25/08/2019;33;10132;186;5.21;10349;9881;-0.20;1.31;
24/08/2019;39;10152;191;5.41;10427;9900;-2.46;1.13;
23/08/2019;33;10408;194;6.39;10461;10063;2.88;2.67;
22/08/2019;5;10117;190;6.53;10247;9790;-0.29;1.585;
21/08/2019;11;10146;188;11.79;10825;9880;-5.99;2.85;
20/08/2019;39;10793;196;5.83;10986;10588;-1.32;2.335;
19/08/2019;30;10937;202;7.38;10960;10280;5.91;3.615;
18/08/2019;14;10327;194;3.9;10529;10086;0.97;2.47;
17/08/2019;20;10228;186;4.89;10487;10004;-1.33;1.15;
16/08/2019;31;10366;185;12.89;10568;9783;0.38;0.855;
15/08/2019;13;10327;188;17.37;10470;9523;2.58;1.1;
14/08/2019;11;10067;187;14.51;10909;9980;-7.68;5.13;
13/08/2019;45;10904;209;9;11468;10801;-4.38;1.65;
12/08/2019;48;11404;211;3.2;11579;11272;-1.57;1.405;
11/08/2019;45;11586;216;5.44;11594;11158;2.40;1.985;
10/08/2019;59;11314;206;9.02;12003;11263;-4.87;3.635;
09/08/2019;60;11893;211;7.81;12093;11711;-1.38;1.745;
08/08/2019;61;12060;221;10.97;12126;11570;0.53;0.955;
07/08/2019;45;11997;226;13.66;12122;11386;4.58;2.025;
06/08/2019;66;11471;226;19.34;12307;11268;-2.85;3.715;
05/08/2019;64;11808;233;16.13;11938;10973;7.61;5.23;
04/08/2019;62;10973;222;9.28;11060;10595;1.40;3.105;
03/08/2019;61;10822;222;7.42;10910;10506;2.88;0.74;
02/08/2019;61;10519;218;8.44;10648;10345;1.15;0.865;
01/08/2019;57;10399;217;7.78;10500;9900;3.08;0.965;
31/07/2019;31;10088;218;7.94;10099;9576;5.20;1.06;
30/07/2019;22;9589;210;5.19;9736;9402;0.86;2.17;
29/07/2019;19;9507;211;5.7;9690;9397;-0.13;0.495;
28/07/2019;16;9519;211;7.75;9604;9112;0.56;0.345;
27/07/2019;47;9466;207;11.77;10189;9300;-3.83;2.195;
26/07/2019;24;9843;219;5.12;9899;9672;-0.48;1.675;
25/07/2019;42;9890;219;9.22;10180;9735;1.22;0.85;
24/07/2019;20;9771;216;11.57;9918;9542;-0.85;1.035;
23/07/2019;40;9855;213;9.77;10330;9825;-4.59;1.87;
22/07/2019;42;10329;217;10.9;10667;10094;-2.27;1.16;
21/07/2019;42;10569;225;8.25;10811;10300;-1.59;0.34;
20/07/2019;34;10740;228;12.13;11085;10402;2.10;1.845;
19/07/2019;42;10519;221;13.16;10759;10133;-0.97;1.535;
18/07/2019;40;10622;226;28.83;10750;9272;9.70;5.335;
17/07/2019;19;9683;211;23.12;9963;9090;2.90;3.4;
16/07/2019;34;9410;199;26.18;10991;9378;-13.03;7.965;
15/07/2019;16;10820;228;21.44;11043;9921;6.01;9.52;
14/07/2019;61;10207;226;22.49;11390;10125;-9.77;7.89;
13/07/2019;65;11312;269;14.72;11803;10806;-3.85;2.96;
12/07/2019;33;11765;275;12.25;11900;11100;3.75;3.8;
11/07/2019;62;11340;268;21.6;12092;11006;-6.23;4.99;
10/07/2019;83;12093;289;36.06;13173;11572;-3.66;1.285;
09/07/2019;84;12553;307;19.16;12811;12173;2.05;2.855;
08/07/2019;74;12301;312;17.84;12382;11339;7.10;2.525;
07/07/2019;67;11486;305;8.42;11618;11122;1.80;2.65;
06/07/2019;72;11283;288;12.21;11720;10983;2.59;0.395;
05/07/2019;67;10998;288;16.37;11440;10802;-1.53;2.06;
04/07/2019;76;11169;283;19.84;12064;11057;-6.80;2.635;
03/07/2019;79;11984;301;28.09;12004;10903;10.29;8.545;
02/07/2019;63;10866;292;28.78;10961;9745;2.13;4.08;
01/07/2019;65;10639;295;24.9;11221;10099;-0.99;1.56;
30/06/2019;78;10745;292;19.07;12229;10705;-9.86;4.435;
29/06/2019;74;11921;318;20.39;12351;11375;-3.47;3.195;
28/06/2019;62;12349;311;31.98;12404;10812;10.26;6.865;
27/06/2019;92;11200;299;47.61;13222;10397;-13.02;11.64;
26/06/2019;95;12876;340;55.59;13764;11693;9.57;11.295;
25/06/2019;87;11751;318;21.85;11780;10992;6.32;1.625;
24/06/2019;80;11053;312;14.4;11135;10560;1.26;2.53;
23/06/2019;84;10916;309;18.59;11368;10576;1.56;0.15;
22/06/2019;83;10748;311;36.68;11210;10098;5.00;1.72;
21/06/2019;84;10236;295;22.23;10249;9558;7.10;1.05;
20/06/2019;81;9557;271;10.59;9621;9241;2.70;2.2;
19/06/2019;82;9306;268;5.77;9340;9062;2.31;0.195;
18/06/2019;83;9096;265;10.59;9371;8945;-2.78;2.545;
17/06/2019;84;9356;273;14.17;9490;8986;4.12;3.45;
16/06/2019;80;8986;268;20.91;9390;8803;1.47;1.325;
15/06/2019;75;8856;268;9.4;8904;8611;1.92;0.225;
14/06/2019;67;8689;262;12.71;8715;8163;5.61;1.845;
13/06/2019;63;8227;255;8.89;8333;8039;0.64;2.485;
12/06/2019;60;8175;261;9.14;8239;7822;3.43;1.395;
11/06/2019;61;7904;244;6.53;8049;7711;-1.37;2.4;
10/06/2019;46;8014;246;8.9;8046;7523;4.90;3.135;
09/06/2019;62;7639;232;6.83;7961;7503;-3.60;4.25;
08/06/2019;62;7925;243;4.77;8065;7802;-0.84;1.38;
07/06/2019;27;7992;249;13.44;8124;7769;2.38;1.61;
06/06/2019;34;7806;250;7.51;7871;7461;0.21;1.085;
05/06/2019;27;7789;246;10.83;7931;7603;1.25;0.52;
04/06/2019;42;7693;242;28.12;8088;7525;-5.07;3.16;
03/06/2019;66;8103;252;18.66;8740;8050;-7.28;1.105;
02/06/2019;63;8740;269;6.24;8818;8540;2.26;4.77;
01/06/2019;62;8547;264;5.46;8625;8452;0.16;1.05;
31/05/2019;61;8533;268;10.93;8550;8112;3.18;1.51;
30/05/2019;73;8270;255;20.29;9100;8020;-4.73;3.955;
29/05/2019;71;8681;269;10.3;8795;8490;-0.69;2.02;
28/05/2019;71;8741;271;11.14;8844;8558;-0.74;0.025;
27/05/2019;70;8806;271;17.56;8951;8661;0.87;0.805;
26/05/2019;67;8730;264;20.14;8820;7880;8.38;3.755;
25/05/2019;69;8055;250;4.34;8135;7950;0.75;3.815;
24/05/2019;64;7995;249;10.92;8159;7802;1.56;0.405;
23/05/2019;65;7872;244;10.55;7957;7496;3.30;0.87;
22/05/2019;69;7621;246;10.78;8030;7508;-3.98;3.64;
21/05/2019;68;7937;254;7.69;8090;7820;-0.60;1.69;
20/05/2019;73;7985;246;16.9;8188;7601;-2.50;0.95;
19/05/2019;70;8190;241;23.46;8263;7252;12.80;7.65;
18/05/2019;67;7260;241;9.32;7509;7211;-2.10;7.45;
17/05/2019;65;7415;244;29.02;7906;7067;-5.62;1.76;
16/05/2019;75;7857;265;22.29;8308;7750;-3.39;1.115;
15/05/2019;77;8133;248;19.04;8209;7838;2.19;2.79;
14/05/2019;78;7958;218;29.32;8194;7684;2.65;0.23;
13/05/2019;78;7753;196;36.47;8050;6884;11.08;4.215;
12/05/2019;75;6980;188;31.96;7448;6860;-2.19;6.635;
11/05/2019;76;7136;193;37.91;7278;6439;10.84;6.515;
10/05/2019;71;6439;173;14.49;6522;6213;2.88;3.98;
09/05/2019;69;6258;171;9.68;6309;6165;0.93;0.975;
08/05/2019;63;6201;171;8.2;6220;6024;1.86;0.465;
07/05/2019;69;6088;169;11.99;6290;6028;1.00;0.43;
06/05/2019;57;6028;173;6.48;6100;5907;-0.23;0.615;
05/05/2019;67;6042;163;5.82;6112;5956;-0.92;0.345;
04/05/2019;66;6098;164;9.44;6149;5868;1.37;1.145;
03/05/2019;63;6016;168;19.48;6140;5717;5.11;1.87;
02/05/2019;50;5724;162;11.06;5780;5618;1.67;1.72;
01/05/2019;51;5630;160;5.53;5655;5586;0.54;0.565;
30/04/2019;42;5600;162;7.44;5612;5455;2.18;0.82;
29/04/2019;42;5480;155;7.81;5515;5370;-0.12;1.15;
28/04/2019;40;5487;158;7.76;5542;5401;1.57;0.845;
27/04/2019;42;5402;159;4.57;5457;5355;-0.17;0.87;
26/04/2019;41;5411;158;21.53;5517;5174;3.68;1.925;
25/04/2019;58;5219;155;21.49;5557;5065;-4.77;4.225;
24/04/2019;65;5480;165;16.53;5647;5415;-1.27;1.75;
23/04/2019;68;5551;169;18.76;5645;5395;2.46;1.865;
22/04/2019;61;5418;171;11.95;5448;5277;1.80;0.33;
21/04/2019;62;5322;169;6.15;5366;5259;-0.34;1.07;
20/04/2019;62;5340;173;6.48;5376;5289;0.49;0.415;
19/04/2019;61;5314;173;6.31;5371;5225;0.06;0.215;
18/04/2019;64;5311;173;9.04;5339;5254;1.07;0.505;
17/04/2019;61;5255;166;9.28;5291;5225;0.39;0.34;
16/04/2019;50;5234;165;8.38;5256;5030;3.67;1.64;
15/04/2019;60;5049;160;9.52;5217;5001;-2.79;3.23;
14/04/2019;51;5194;167;4.15;5209;5064;1.81;2.3;
13/04/2019;62;5102;163;5.21;5161;5075;-0.24;1.025;
12/04/2019;42;5114;163;9.22;5135;4935;0.95;0.595;
11/04/2019;65;5066;164;19.39;5340;5001;-4.63;2.79;
10/04/2019;62;5312;177;15.78;5487;5201;1.83;3.23;
09/04/2019;64;5216;175;11.9;5313;5174;-1.81;1.82;
08/04/2019;65;5313;179;17.82;5362;5149;1.42;1.615;
07/04/2019;69;5238;174;9.95;5313;5075;2.90;0.74;
06/04/2019;65;5091;165;14.2;5280;4968;0.20;1.35;
05/04/2019;59;5080;165;11.36;5130;4930;2.87;1.335;
04/04/2019;61;4939;157;15.42;5100;4834;-0.79;1.83;
03/04/2019;71;4978;160;44.28;5330;4849;1.03;0.91;
02/04/2019;60;4927;163;54.14;5079;4190;17.40;8.185;
01/04/2019;62;4197;141;7.01;4221;4127;0.70;8.35;
31/03/2019;56;4168;141;2.27;4181;4153;0.06;0.32;
30/03/2019;57;4165;142;6.63;4210;4117;-0.33;0.195;
29/03/2019;50;4179;143;8.65;4188;4085;2.11;1.22;
28/03/2019;49;4093;138;6.22;4104;4066;-0.24;1.175;
27/03/2019;44;4103;139;7.93;4110;3980;2.78;1.51;
26/03/2019;43;3992;134;5.09;3995;3951;0.55;1.115;
25/03/2019;46;3970;134;6.7;4050;3939;-1.77;1.16;
24/03/2019;44;4041;136;3.36;4063;4012;-0.54;0.615;
23/03/2019;50;4063;137;4.37;4076;4039;0.44;0.49;
22/03/2019;56;4045;136;4.84;4065;4035;0.01;0.215;
21/03/2019;62;4045;135;11.82;4139;4005;-2.00;1.005;
20/03/2019;55;4127;139;7.82;4136;4074;0.55;1.275;
19/03/2019;56;4105;139;5.55;4118;4057;0.77;0.11;
18/03/2019;56;4074;138;3.68;4120;4036;0.11;0.33;
17/03/2019;58;4069;139;3.38;4088;4041;-0.47;0.29;
16/03/2019;54;4088;141;13.94;4153;4003;2.12;1.295;
15/03/2019;55;4003;137;6.72;4011;3948;1.39;0.365;
14/03/2019;55;3948;132;8.3;4000;3883;0.01;0.69;
13/03/2019;54;3948;132;5.51;3972;3925;-0.16;0.085;
12/03/2019;56;3954;134;7.63;3980;3895;0.13;0.145;
11/03/2019;56;3949;133;6.61;4009;3921;-1.28;0.705;
10/03/2019;55;4000;135;4.67;4017;3962;-0.43;0.425;
09/03/2019;55;4017;137;7.38;4046;3934;1.95;1.19;
08/03/2019;54;3941;134;9.36;4021;3864;-0.61;1.28;
07/03/2019;56;3965;136;7.64;3990;3936;0.34;0.475;
06/03/2019;42;3951;137;6.59;3984;3912;-0.01;0.175;
05/03/2019;35;3952;137;10.8;3967;3786;3.99;2;
04/03/2019;36;3800;126;10.18;3908;3767;-2.18;3.085;
03/03/2019;44;3885;130;2.88;3923;3857;-0.72;0.73;
02/03/2019;41;3913;133;5.11;3924;3850;-0.03;0.345;
01/03/2019;42;3914;135;4.76;3949;3893;0.51;0.27;
28/02/2019;39;3894;135;12.1;3988;3875;-0.22;0.365;
27/02/2019;39;3903;135;12.03;3934;3767;0.15;0.185;
26/02/2019;40;3897;136;5.11;3934;3870;-0.64;0.395;
25/02/2019;47;3922;138;10.41;3965;3825;2.34;1.49;
24/02/2019;69;3832;132;36.09;4282;3812;-9.02;5.68;
23/02/2019;63;4212;158;21.53;4255;4015;3.78;6.4;
22/02/2019;61;4058;148;14.21;4074;3991;1.23;1.275;
21/02/2019;59;4009;145;15.48;4122;3975;-1.14;1.185;
20/02/2019;59;4055;149;15.25;4070;3969;1.63;1.385;
19/02/2019;65;3990;144;24.3;4081;3943;0.30;0.665;
18/02/2019;63;3978;145;37.62;4020;3724;6.52;3.11;
17/02/2019;38;3735;134;14.07;3789;3669;1.58;2.47;
16/02/2019;43;3676;123;7.52;3725;3666;0.18;0.7;
15/02/2019;43;3670;122;7.81;3716;3645;0.36;0.09;
14/02/2019;48;3657;120;7.53;3681;3641;-0.26;0.31;
13/02/2019;48;3666;122;11.76;3735;3650;-0.76;0.25;
12/02/2019;38;3694;122;11.34;3728;3645;0.36;0.56;
11/02/2019;46;3681;121;7.8;3750;3672;-1.74;1.05;
10/02/2019;40;3746;125;9.97;3754;3667;0.75;1.245;
09/02/2019;42;3718;119;6.74;3739;3689;-0.15;0.45;
08/02/2019;37;3724;119;31.15;3800;3428;8.38;4.265;
07/02/2019;18;3436;104;4.8;3462;3429;-0.46;4.42;
06/02/2019;14;3452;105;13.16;3521;3418;-1.73;0.635;
05/02/2019;21;3513;107;4.59;3517;3476;0.63;1.18;
04/02/2019;27;3491;108;5.21;3523;3475;-0.32;0.475;
03/02/2019;19;3502;107;7.86;3567;3470;-1.76;0.72;
02/02/2019;22;3564;110;10.89;3575;3501;0.79;1.275;
01/02/2019;23;3536;107;10.04;3557;3465;1.00;0.105;
31/01/2019;17;3501;106;8.57;3566;3482;-0.81;0.905;
30/01/2019;22;3530;108;12.58;3548;3452;1.49;1.15;
29/01/2019;21;3478;105;10.47;3513;3427;-0.68;1.085;
28/01/2019;35;3502;105;17.02;3598;3450;-2.65;0.985;
27/01/2019;39;3597;112;11.45;3643;3544;-0.93;0.86;
26/01/2019;41;3631;116;13;3746;3625;0.05;0.49;
25/01/2019;35;3629;115;7.38;3663;3582;-0.65;0.35;
24/01/2019;37;3653;116;7.87;3670;3590;0.90;0.775;
23/01/2019;33;3620;116;7.97;3677;3591;-0.53;0.715;
22/01/2019;27;3639;118;18.08;3676;3488;1.67;1.1;
21/01/2019;30;3579;116;10.81;3615;3550;-0.19;0.93;
20/01/2019;35;3586;117;20.62;3796;3548;-4.62;2.215;
19/01/2019;31;3760;123;13.39;3859;3674;2.29;3.455;
18/01/2019;29;3676;119;5.65;3724;3652;-1.27;1.78;
17/01/2019;28;3723;122;10.86;3725;3610;1.41;1.34;
16/01/2019;24;3671;121;13.23;3750;3643;0.40;0.505;
15/01/2019;27;3657;119;13.32;3770;3625;-2.48;1.44;
14/01/2019;16;3749;127;14.84;3799;3582;4.41;3.445;
13/01/2019;21;3591;114;12.59;3713;3570;-3.00;3.705;
12/01/2019;22;3702;123;9.29;3734;3674;-0.38;1.31;
11/01/2019;19;3716;125;13.13;3777;3667;0.09;0.235;
10/01/2019;37;3713;125;35.02;4136;3687;-9.07;4.58;
09/01/2019;42;4083;148;20.63;4166;4036;-0.41;4.33;
08/01/2019;39;4100;147;18.72;4210;4056;-0.34;0.035;
07/01/2019;39;4114;149;11.32;4197;4079;-1.38;0.52;
06/01/2019;31;4172;154;25.17;4215;3893;6.66;4.02;
05/01/2019;36;3911;153;14.87;4015;3901;-1.11;3.885;
04/01/2019;48;3955;152;13.23;3986;3853;0.81;0.96;
03/01/2019;33;3923;146;10.92;4055;3882;-3.09;1.95;
02/01/2019;30;4049;152;19.43;4082;3920;2.16;2.625;
01/01/2019;24;3963;139;13.85;3982;3788;3.46;0.65;
31/12/2018;26;3831;131;15.79;3987;3780;-3.72;3.59;
30/12/2018;23;3978;138;17.73;4003;3845;2.35;3.035;
29/12/2018;24;3887;133;18.7;4100;3865;-3.71;3.03;
28/12/2018;21;4037;136;26.92;4095;3696;8.67;6.19;
27/12/2018;29;3715;113;23.61;3955;3688;-5.47;7.07;
26/12/2018;26;3930;129;19.13;3990;3812;0.51;2.99;
25/12/2018;33;3910;127;33.73;4152;3816;-5.68;3.095;
24/12/2018;25;4145;138;38;4384;4069;1.71;3.695;
23/12/2018;31;4076;129;24.47;4210;4037;-1.43;1.57;
22/12/2018;28;4135;115;19.51;4147;3920;4.00;2.715;
21/12/2018;35;3976;108;43.52;4283;3913;-5.66;4.83;
20/12/2018;27;4215;114;65.87;4276;3789;10.62;8.14;
19/12/2018;21;3810;99;55.26;4041;3758;0.79;4.915;
18/12/2018;23;3780;100;29.43;3781;3551;4.28;1.745;
17/12/2018;17;3625;94;35.72;3712;3286;9.85;2.785;
16/12/2018;13;3300;85;19.1;3380;3278;0.45;4.7;
15/12/2018;11;3285;84;17.89;3324;3216;0.07;0.19;
14/12/2018;10;3283;84;28.56;3391;3226;-2.13;1.1;
13/12/2018;14;3354;86;22.24;3539;3322;-5.13;1.5;
12/12/2018;14;3536;89;20.93;3611;3415;2.92;4.025;
11/12/2018;15;3435;88;24.05;3550;3384;-2.54;2.73;
10/12/2018;19;3525;90;22.6;3698;3476;-3.15;0.305;
09/12/2018;14;3640;93;25.08;3767;3470;3.81;3.48;
08/12/2018;11;3506;90;39.08;3785;3316;1.33;1.24;
07/12/2018;11;3460;93;74.08;3625;3278;-2.02;1.675;
06/12/2018;13;3531;91;58.22;3908;3506;-6.21;2.095;
05/12/2018;19;3765;103;28.43;4000;3751;-5.44;0.385;
04/12/2018;12;3982;110;33.69;4131;3793;2.07;3.755;
03/12/2018;17;3901;109;36.86;4179;3836;-6.21;4.14;
02/12/2018;15;4160;116;24.4;4353;4127;-1.96;2.125;
01/12/2018;13;4243;118;27.5;4339;3979;5.07;3.515;
30/11/2018;19;4038;113;42.38;4357;3966;-6.37;5.72;
29/11/2018;18;4313;118;41.1;4472;4181;0.15;3.26;
28/11/2018;14;4306;123;65.26;4440;3890;10.86;5.355;
27/11/2018;11;3884;111;46.27;3942;3713;0.68;5.09;
26/11/2018;17;3858;110;64.08;4196;3708;-5.62;3.15;
25/11/2018;9;4088;119;82.18;4211;3663;4.02;4.82;
24/11/2018;15;3930;115;50.98;4515;3835;-11.14;7.58;
23/11/2018;12;4423;125;36.09;4482;4251;0.69;5.915;
22/11/2018;14;4392;126;27.95;4717;4389;-5.88;3.285;
21/11/2018;15;4667;139;44.38;4773;4430;1.45;3.665;
20/11/2018;21;4600;134;117.22;5048;4318;-6.84;4.145;
19/11/2018;28;4938;151;74.15;5650;4891;-12.75;2.955;
18/11/2018;26;5659;179;9.55;5716;5621;0.58;6.665;
17/11/2018;24;5627;176;7.98;5659;5574;-0.60;0.59;
16/11/2018;23;5661;177;18.43;5757;5555;-1.61;0.505;
15/11/2018;28;5753;184;49.91;5929;5442;-2.23;0.31;
14/11/2018;49;5885;187;69.2;6485;5705;-8.97;3.37;
13/11/2018;56;6464;210;10.12;6498;6404;0.27;4.62;
12/11/2018;52;6447;213;7.3;6481;6419;-0.05;0.16;
11/11/2018;54;6450;213;7.34;6460;6364;0.29;0.17;
10/11/2018;52;6431;213;3.25;6462;6415;0.17;0.06;
09/11/2018;47;6420;211;10.45;6503;6393;-0.92;0.545;
08/11/2018;51;6480;213;11.58;6585;6477;-1.42;0.25;
07/11/2018;48;6573;220;10.72;6607;6512;0.88;1.15;
06/11/2018;42;6515;221;7.25;6515;6448;0.70;0.09;
05/11/2018;42;6470;210;4.81;6495;6439;-0.23;0.465;
04/11/2018;41;6485;212;8.96;6509;6360;1.52;0.875;
03/11/2018;36;6388;200;11.37;6432;6335;-0.61;1.065;
02/11/2018;36;6427;202;8.07;6455;6392;0.43;0.52;
01/11/2018;29;6400;200;9.12;6423;6354;0.49;0.03;
31/10/2018;32;6368;199;9.96;6406;6248;0.60;0.055;
30/10/2018;31;6330;198;10.73;6380;6313;-0.22;0.41;
29/10/2018;34;6344;197;19.56;6505;6321;-2.25;1.015;
28/10/2018;35;6490;205;6.84;6510;6456;-0.16;1.045;
27/10/2018;33;6500;204;6.97;6554;6480;-0.48;0.16;
26/10/2018;29;6532;205;7.45;6588;6514;0.05;0.265;
25/10/2018;25;6528;204;8.71;6566;6500;-0.40;0.225;
24/10/2018;23;6554;205;8.49;6623;6543;0.06;0.23;
23/10/2018;24;6550;206;8.86;6584;6525;-0.26;0.16;
22/10/2018;27;6567;207;6.05;6628;6549;-0.37;0.055;
21/10/2018;21;6592;208;4.42;6655;6583;0.07;0.22;
20/10/2018;21;6587;208;4.61;6610;6511;0.91;0.42;
19/10/2018;24;6527;205;11.2;6630;6520;-1.30;1.105;
18/10/2018;26;6613;206;12.53;6778;6568;-1.84;0.27;
17/10/2018;23;6737;213;8.88;6793;6681;-0.25;0.795;
16/10/2018;24;6754;215;15.66;6892;6679;0.18;0.215;
15/10/2018;20;6742;215;85;7704;6300;6.42;3.12;
14/10/2018;18;6335;197;11.23;6399;6319;0.14;3.14;
13/10/2018;15;6327;202;5.82;6331;6289;0.53;0.195;
12/10/2018;13;6293;197;10.4;6348;6223;0.66;0.065;
11/10/2018;19;6252;192;41.61;6628;6224;-5.70;3.18;
10/10/2018;28;6630;226;13.82;6660;6530;-0.49;2.605;
09/10/2018;31;6663;228;8.02;6681;6609;-0.15;0.17;
08/10/2018;26;6673;230;12.7;6718;6586;1.09;0.62;
07/10/2018;29;6601;226;5.8;6634;6533;0.14;0.475;
06/10/2018;34;6592;224;5.8;6648;6565;-0.79;0.465;
05/10/2018;37;6645;228;12.43;6667;6548;0.98;0.885;
04/10/2018;29;6580;223;11.79;6640;6499;1.18;0.1;
03/10/2018;36;6503;220;14.57;6553;6428;-0.46;0.82;
02/10/2018;33;6533;226;12.03;6638;6514;-1.04;0.29;
01/10/2018;35;6602;231;10.36;6660;6521;-0.24;0.4;
30/09/2018;34;6618;232;8.49;6657;6533;0.20;0.22;
29/09/2018;37;6605;231;17.3;6631;6466;-0.46;0.33;
28/09/2018;42;6635;221;27.89;6825;6545;-0.86;0.2;
27/09/2018;42;6693;229;18.37;6727;6441;3.56;2.21;
26/09/2018;37;6462;214;13.81;6553;6386;0.43;1.565;
25/09/2018;37;6435;219;20.21;6585;6350;-2.28;1.355;
24/09/2018;43;6585;228;17.76;6722;6555;-1.86;0.21;
23/09/2018;38;6710;245;8.51;6783;6664;-0.19;0.835;
22/09/2018;35;6723;241;18.26;6840;6644;-0.59;0.2;
21/09/2018;31;6763;248;36.99;6790;6496;4.03;2.31;
20/09/2018;24;6501;226;16.67;6535;6357;1.71;1.16;
19/09/2018;24;6391;210;29.9;6522;6113;0.76;0.475;
18/09/2018;21;6343;209;15.93;6384;6229;1.42;0.33;
17/09/2018;25;6254;197;23.54;6533;6205;-3.76;2.59;
16/09/2018;28;6499;220;8.73;6518;6385;-0.23;1.765;
15/09/2018;24;6514;222;8.35;6569;6474;0.44;0.335;
14/09/2018;23;6485;208;16.37;6593;6356;0.15;0.145;
13/09/2018;20;6476;211;19.24;6523;6334;2.27;1.06;
12/09/2018;14;6332;183;16.08;6355;6203;0.65;0.81;
11/09/2018;18;6291;185;16.61;6397;6178;-0.27;0.46;
10/09/2018;15;6308;197;14.45;6364;6233;1.09;0.68;
09/09/2018;13;6240;195;16.46;6428;6142;0.89;0.1;
08/09/2018;18;6185;196;21.85;6475;6130;-3.42;2.155;
07/09/2018;17;6404;215;20.74;6533;6323;-1.71;0.855;
06/09/2018;14;6516;230;53;6721;6310;-2.90;0.595;
05/09/2018;17;6711;229;55.65;7400;6700;-8.81;2.955;
04/09/2018;26;7359;285;20.82;7410;7246;1.25;5.03;
03/09/2018;19;7268;289;22.31;7341;7200;-0.31;0.78;
02/09/2018;18;7290;295;44.68;7367;7137;1.29;0.8;
01/09/2018;21;7198;296;21.39;7260;7021;2.44;0.575;
31/08/2018;17;7026;282;19.38;7084;6889;0.45;0.995;
30/08/2018;22;6995;284;24.58;7060;6802;-0.72;0.585;
29/08/2018;19;7046;288;19.83;7134;6932;-0.48;0.12;
28/08/2018;19;7080;296;30.07;7127;6872;2.46;1.47;
27/08/2018;18;6910;288;24.21;6912;6654;3.00;0.27;
26/08/2018;19;6708;274;16.75;6784;6575;-0.36;1.68;
25/08/2018;22;6733;278;16.88;6796;6670;0.55;0.455;
24/08/2018;19;6696;281;20.2;6728;6463;2.58;1.015;
23/08/2018;18;6527;276;19.94;6566;6350;2.71;0.065;
22/08/2018;21;6355;270;58.96;6885;6253;-1.92;2.315;
21/08/2018;19;6479;280;29.5;6500;6245;3.57;2.745;
20/08/2018;26;6256;271;31.72;6521;6230;-3.53;3.55;
19/08/2018;27;6485;299;15.35;6550;6309;1.47;2.5;
18/08/2018;24;6391;294;19.73;6615;6302;-2.92;2.195;
17/08/2018;19;6583;317;26.76;6589;6290;4.27;3.595;
16/08/2018;21;6314;287;25.14;6475;6215;0.70;1.785;
15/08/2018;18;6270;281;66.22;6624;6181;1.31;0.305;
14/08/2018;16;6189;278;52.7;6244;5879;-1.01;1.16;
13/08/2018;21;6252;284;32.33;6542;6150;-0.98;0.015;
12/08/2018;18;6314;318;23.05;6482;6163;1.30;1.14;
11/08/2018;18;6233;318;37.12;6486;6008;1.40;0.05;
10/08/2018;21;6147;332;43.5;6574;6015;-5.86;3.63;
09/08/2018;19;6529;362;33.38;6624;6188;3.98;4.92;
08/08/2018;23;6279;355;53.88;6720;6131;-6.57;5.275;
07/08/2018;25;6721;378;32.25;7150;6679;-3.18;1.695;
06/08/2018;25;6941;406;18.12;7150;6847;-1.20;0.99;
05/08/2018;23;7026;409;17.68;7090;6890;0.18;0.69;
04/08/2018;31;7013;407;31.72;7490;6930;-5.48;2.83;
03/08/2018;36;7420;417;30.88;7533;7284;-1.53;1.975;
02/08/2018;39;7535;411;17.75;7707;7463;-0.97;0.28;
01/08/2018;39;7609;419;30.74;7756;7444;-1.58;0.305;
31/07/2018;48;7731;432;43.55;8180;7670;-5.49;1.955;
30/07/2018;53;8180;457;37.58;8274;7863;-0.50;2.495;
29/07/2018;54;8221;466;10.19;8294;8123;-0.31;0.095;
28/07/2018;54;8246;468;13.66;8246;8074;0.74;0.525;
27/07/2018;47;8186;470;34.22;8280;7815;3.11;1.185;
26/07/2018;53;7939;463;32.78;8313;7870;-2.90;3.005;
25/07/2018;54;8176;472;36.97;8486;8073;-2.60;0.15;
24/07/2018;49;8395;480;64.68;8500;7692;8.74;5.67;
23/07/2018;44;7720;450;47.52;7801;7374;4.31;2.215;
22/07/2018;46;7401;458;17.17;7573;7339;-0.04;2.175;
21/07/2018;43;7403;461;11.41;7458;7221;0.96;0.5;
20/07/2018;47;7333;448;32.74;7681;7278;-1.88;1.42;
19/07/2018;44;7474;470;22.19;7560;7283;1.28;1.58;
18/07/2018;42;7379;479;39.62;7587;7250;0.81;0.235;
17/07/2018;39;7320;499;48.12;7463;6667;8.78;3.985;
16/07/2018;36;6729;480;31;6750;6329;6.02;1.38;
15/07/2018;32;6347;449;10.99;6389;6232;1.55;2.235;
14/07/2018;29;6250;433;8.9;6320;6179;0.48;0.535;
13/07/2018;29;6220;433;20.09;6335;6133;-0.46;0.47;
12/07/2018;33;6249;428;24.98;6378;6081;-2.02;0.78;
11/07/2018;29;6378;444;16.41;6403;6288;1.21;1.615;
10/07/2018;37;6302;432;28.02;6680;6269;-5.48;3.345;
09/07/2018;39;6667;471;16.3;6820;6617;-0.60;2.44;
08/07/2018;38;6707;487;13.71;6791;6669;-0.81;0.105;
07/07/2018;34;6762;486;15.29;6826;6512;2.42;1.615;
06/07/2018;34;6602;470;14.95;6637;6453;0.95;0.735;
05/07/2018;37;6540;468;23.13;6698;6452;-0.76;0.855;
04/07/2018;33;6590;467;22.49;6778;6419;1.38;1.07;
03/07/2018;31;6500;462;17.26;6672;6471;-1.24;1.31;
02/07/2018;27;6581;476;26.92;6672;6539;3.65;2.445;
01/07/2018;27;6350;453;11.38;6435;6260;-0.65;2.15;
30/06/2018;22;6392;455;23.86;6518;6196;2.95;1.8;
29/06/2018;16;6208;435;33.93;6273;5783;6.12;1.585;
28/06/2018;20;5850;421;17.94;6168;5830;-4.62;5.37;
27/06/2018;18;6133;441;18.27;6181;5989;0.90;2.76;
26/06/2018;21;6079;430;18.83;6274;6050;-2.69;1.795;
25/06/2018;16;6247;460;27.91;6334;6082;1.60;2.145;
24/06/2018;15;6148;455;45.5;6250;5763;-0.06;0.83;
23/06/2018;17;6152;474;20.7;6254;6014;1.81;0.935;
22/06/2018;28;6043;461;55.25;6731;5929;-9.99;5.9;
21/06/2018;37;6714;525;10.65;6787;6680;-0.69;4.65;
20/06/2018;34;6760;536;18.71;6818;6560;0.34;0.515;
19/06/2018;32;6738;538;17.38;6833;6666;0.42;0.04;
18/06/2018;27;6709;516;26.37;6827;6379;4.25;1.915;
17/06/2018;23;6436;496;9.44;6573;6427;-0.77;2.51;
16/06/2018;22;6486;496;13.7;6557;6330;1.58;1.175;
15/06/2018;26;6385;487;21.29;6656;6360;-3.75;2.665;
14/06/2018;17;6634;518;33.06;6703;6270;5.38;4.565;
13/06/2018;19;6295;475;45.58;6612;6126;-3.80;4.59;
12/06/2018;19;6544;494;32.01;6873;6441;-4.79;0.495;
11/06/2018;15;6873;531;22.38;6897;6631;1.72;3.255;
10/06/2018;24;6757;531;57.82;7498;6634;-9.89;5.805;
09/06/2018;39;7499;593;7.22;7685;7468;-1.53;4.18;
08/06/2018;40;7615;597;12.2;7697;7544;-0.96;0.285;
07/06/2018;38;7689;603;11.04;7756;7646;0.46;0.71;
06/06/2018;42;7654;606;18.27;7698;7495;0.42;0.02;
05/06/2018;26;7622;609;16.84;7669;7373;1.78;0.68;
04/06/2018;41;7488;594;18.13;7762;7458;-2.98;2.38;
03/06/2018;40;7718;616;13.8;7777;7600;1.05;2.015;
02/06/2018;27;7638;593;17.36;7691;7446;1.56;0.255;
01/06/2018;24;7521;579;19.04;7600;7345;0.47;0.545;
31/05/2018;25;7486;577;19.46;7600;7338;1.50;0.515;
30/05/2018;38;7375;560;22.08;7558;7280;-1.14;1.32;
29/05/2018;16;7460;563;27.9;7528;7049;5.10;3.12;
28/05/2018;22;7098;513;26.68;7435;7062;-3.29;4.195;
27/05/2018;19;7340;572;16.17;7412;7220;0.13;1.71;
26/05/2018;23;7330;590;13.81;7622;7286;-1.71;0.92;
25/05/2018;25;7458;584;25.87;7654;7323;-1.57;0.07;
24/05/2018;27;7577;602;38.86;7718;7261;1.09;1.33;
23/05/2018;26;7495;587;41.68;8020;7442;-6.05;3.57;
22/05/2018;30;7977;644;20.53;8407;7947;-4.96;0.545;
21/05/2018;41;8393;694;17.22;8587;8318;-1.53;1.715;
20/05/2018;32;8524;716;15.5;8580;8172;3.54;2.535;
19/05/2018;31;8232;696;14.15;8400;8142;-0.08;1.81;
18/05/2018;37;8239;696;23.44;8277;7928;2.32;1.2;
17/05/2018;31;8052;669;25.19;8467;7987;-3.41;2.865;
16/05/2018;32;8336;707;32.76;8489;8104;-1.55;0.93;
15/05/2018;40;8468;706;26.21;8838;8421;-2.34;0.395;
14/05/2018;40;8671;726;37.15;8882;8280;-0.15;1.095;
13/05/2018;40;8684;725;22.9;8753;8320;2.61;1.38;
12/05/2018;44;8463;681;36.66;8632;8205;0.60;1.005;
11/05/2018;41;8412;675;54.49;9015;8342;-6.72;3.66;
10/05/2018;63;9019;727;23.62;9390;9003;-3.21;1.755;
09/05/2018;53;9318;752;22.81;9371;8980;1.45;2.33;
08/05/2018;62;9185;757;25.86;9470;9052;-1.98;1.715;
07/05/2018;56;9370;755;25.78;9676;9200;-2.99;0.505;
06/05/2018;67;9659;793;26.92;9964;9455;-2.04;0.475;
05/05/2018;63;9860;816;29.51;9990;9686;1.62;1.83;
04/05/2018;56;9703;787;24.54;9812;9557;-0.61;1.115;
03/05/2018;55;9762;781;36.48;9838;9163;5.69;3.15;
02/05/2018;52;9236;690;20.18;9280;8980;1.87;1.91;
01/05/2018;56;9067;676;25.59;9241;8829;-1.87;1.87;
30/04/2018;59;9240;670;23.26;9450;9111;-1.69;0.09;
29/04/2018;61;9399;693;27.31;9564;9185;0.57;1.13;
28/04/2018;54;9345;685;45.08;9436;8845;4.77;2.1;
27/04/2018;55;8920;642;30.15;9381;8903;-3.87;4.32;
26/04/2018;47;9279;660;43.21;9308;8656;4.52;4.195;
25/04/2018;64;8878;618;74.49;9762;8768;-7.94;6.23;
24/04/2018;29;9644;708;60.35;9738;8930;7.88;7.91;
23/04/2018;28;8940;641;23.26;8940;8770;1.59;3.145;
22/04/2018;31;8800;640;31.43;8980;8753;-1.34;1.465;
21/04/2018;32;8919;608;39.56;9029;8619;0.60;0.97;
20/04/2018;26;8866;614;50.9;8938;8219;7.17;3.285;
19/04/2018;25;8273;571;29.21;8297;8100;1.30;2.935;
18/04/2018;24;8166;525;29.54;8229;7875;3.50;1.1;
17/04/2018;26;7890;505;28.23;8169;7823;-2.06;2.78;
16/04/2018;25;8056;509;37.56;8415;7900;-3.57;0.755;
15/04/2018;24;8354;533;31.9;8426;7997;4.39;3.98;
14/04/2018;23;8003;503;26.52;8182;7821;1.48;1.455;
13/04/2018;23;7886;493;59.91;8230;7746;-0.33;0.905;
12/04/2018;18;7912;494;94.57;8084;6761;13.95;7.14;
11/04/2018;20;6943;431;29.54;6976;6795;1.52;6.215;
10/04/2018;18;6839;415;26.15;6891;6650;1.10;0.21;
09/04/2018;21;6765;399;75.96;7187;6611;-3.69;2.395;
08/04/2018;17;7024;400;29.33;7115;6883;1.90;2.795;
07/04/2018;20;6893;383;40.61;7075;6600;4.27;1.185;
06/04/2018;19;6610;367;42.14;6852;6501;-2.29;3.28;
05/04/2018;17;6765;384;45.85;6911;6572;-0.31;0.99;
04/04/2018;22;6786;377;53.72;7422;6670;-8.37;4.03;
03/04/2018;22;7406;415;49.86;7510;7020;5.00;6.685;
02/04/2018;11;7053;375;44.01;7121;6770;3.56;0.72;
01/04/2018;16;6810;378;54.9;7035;6432;-1.66;2.61;
31/03/2018;16;6925;394;68.02;7222;6783;1.24;1.45;
30/03/2018;12;6840;393;108.25;7267;6533;-3.57;2.405;
29/03/2018;18;7094;387;77.41;7964;6897;-10.61;3.52;
28/03/2018;24;7936;465;35.08;8118;7725;1.95;6.28;
27/03/2018;24;7785;448;50.41;8209;7727;-4.12;3.035;
26/03/2018;31;8119;484;56.38;8496;7839;-3.86;0.13;
25/03/2018;30;8445;522;30.69;8674;8373;-1.05;1.405;
24/03/2018;32;8535;517;44.21;9040;8463;-4.19;1.57;
23/03/2018;28;8908;544;44.91;8910;8273;2.32;3.255;
22/03/2018;36;8706;548;54.42;9088;8453;-2.18;2.25;
21/03/2018;36;8900;560;42.86;9175;8756;0.00;1.09;
20/03/2018;37;8900;556;54.28;9025;8310;3.48;1.74;
19/03/2018;29;8600;556;73.28;8690;8100;4.88;0.7;
18/03/2018;29;8200;538;88.92;8286;7240;4.45;0.215;
17/03/2018;31;7851;548;48.97;8350;7730;-4.85;4.65;
16/03/2018;33;8251;599;56.34;8603;7903;-0.02;2.415;
15/03/2018;32;8253;608;82.58;8417;7666;0.81;0.415;
14/03/2018;40;8187;607;78.81;9400;7924;-10.38;5.595;
13/03/2018;41;9135;693;61.54;9479;8828;0.15;5.265;
12/03/2018;41;9121;692;67.58;9895;8777;-4.27;2.21;
11/03/2018;40;9528;725;70.48;9726;8429;8.74;6.505;
10/03/2018;39;8762;681;52.54;9500;8691;-4.94;6.84;
09/03/2018;37;9217;721;98.2;9421;8351;-0.89;2.025;
08/03/2018;39;9300;690;67.75;10109;9037;-6.09;2.6;
07/03/2018;37;9903;745;75.22;10899;9422;-7.62;0.765;
06/03/2018;59;10720;811;44.24;11403;10578;-6.10;0.76;
05/03/2018;55;11416;854;27.56;11696;11390;-0.74;2.68;
04/03/2018;44;11501;871;28.07;11544;11061;0.53;0.635;
03/03/2018;56;11440;854;30.65;11526;11024;3.76;1.615;
02/03/2018;47;11025;856;28.86;11189;10766;0.92;1.42;
01/03/2018;38;10925;873;33.87;11087;10224;5.91;2.495;
28/02/2018;41;10315;851;43.89;11063;10270;-2.40;4.155;
27/02/2018;44;10569;882;39.72;10880;10133;2.40;2.4;
26/02/2018;37;10321;871;45.94;10437;9360;7.99;2.795;
25/02/2018;33;9557;843;30.52;9840;9284;-1.13;4.56;
24/02/2018;31;9666;826;55.7;10499;9350;-4.72;1.795;
23/02/2018;39;10145;850;59.07;10395;9584;3.20;3.96;
22/02/2018;44;9830;811;71.23;10912;9740;-5.98;4.59;
21/02/2018;54;10455;831;76.96;11239;10200;-6.80;0.41;
20/02/2018;74;11218;880;60.92;11776;11101;0.40;3.6;
19/02/2018;67;11173;946;50.74;11250;10308;7.72;3.66;
18/02/2018;63;10372;916;69.83;11250;10122;-6.17;6.945;
17/02/2018;74;11054;971;52.8;11083;10050;8.77;7.47;
16/02/2018;67;10162;949;43.89;10270;9675;1.65;3.56;
15/02/2018;71;9997;920;67.53;10175;9339;5.73;2.04;
14/02/2018;55;9455;924;50.36;9488;8513;11.03;2.65;
13/02/2018;35;8516;846;39.51;8953;8340;-4.32;7.675;
12/02/2018;42;8901;866;51.4;9000;8070;10.31;7.315;
11/02/2018;31;8069;826;52.21;8569;7851;-5.77;8.04;
10/02/2018;54;8563;859;68.15;9074;8152;-1.38;2.195;
09/02/2018;44;8683;871;63.03;8748;7735;5.44;3.41;
08/02/2018;30;8235;795;77.62;8649;7580;8.54;1.55;
07/02/2018;36;7587;765;106.7;8488;7175;-1.13;4.835;
06/02/2018;8;7674;800;192.76;7860;6000;10.42;5.775;
05/02/2018;11;6950;691;131.29;8378;6659;-15.25;12.835;
04/02/2018;24;8200;840;74.42;9403;7840;-11.06;2.095;
03/02/2018;40;9219;977;51.91;9495;8190;3.64;7.35;
02/02/2018;15;8896;908;123.34;9201;7972;-3.11;3.375;
01/02/2018;30;9181;1060;78.78;10311;8941;-10.72;3.805;