Date;Close;Volatilite;
07/09/2022;19280;0.1;
06/09/2022;18790;3.825;
05/09/2022;19788;1.985;
04/09/2022;20002;0.955;
03/09/2022;19835;0.765;
02/09/2022;19973;0.055;
01/09/2022;20134;0.59;
31/08/2022;20058;0.43;
30/08/2022;19812;1.84;
29/08/2022;20308;3.14;
28/08/2022;19558;3.115;
27/08/2022;20036;0.645;
26/08/2022;20258;2.475;
25/08/2022;21563;3.485;
24/08/2022;21366;0.835;
23/08/2022;21527;0.685;
22/08/2022;21395;0.575;
21/08/2022;21510;1.14;
20/08/2022;21141;0.15;
19/08/2022;20839;5.805;
18/08/2022;23197;4.785;
17/08/2022;23335;0.795;
16/08/2022;23856;0.595;
15/08/2022;24094;0.07;
14/08/2022;24300;0.17;
13/08/2022;24425;0.315;
12/08/2022;24395;0.91;
11/08/2022;23932;1.015;
10/08/2022;23954;1.8;
09/08/2022;23141;3.175;
08/08/2022;23817;2.8;
07/08/2022;23178;0.825;
06/08/2022;22924;1.385;
05/08/2022;23311;2.375;
04/08/2022;22612;1.99;
03/08/2022;22814;0.075;
02/08/2022;22984;0.22;
01/08/2022;23259;0.515;
31/07/2022;23294;0.655;
30/07/2022;23639;0.465;
29/07/2022;23764;0.08;
28/07/2022;23852;2.145;
27/07/2022;22951;1.99;
26/07/2022;21271;4.025;
25/07/2022;21303;2.75;
24/07/2022;22579;3.12;
23/07/2022;22446;0.8;
22/07/2022;22676;0.525;
21/07/2022;23152;0.905;
20/07/2022;23209;0.28;
19/07/2022;23398;2.455;
18/07/2022;22476;2.03;
17/07/2022;20781;5.125;
16/07/2022;21224;2.025;
15/07/2022;20816;0.4;
14/07/2022;20578;0.24;
13/07/2022;20246;1.6;
12/07/2022;19311;4.01;
11/07/2022;19945;0.59;
10/07/2022;20855;0.51;
09/07/2022;21576;1.615;
08/07/2022;21600;0.01;
07/07/2022;21620;2.63;
06/07/2022;20557;1.625;
05/07/2022;20169;1.095;
04/07/2022;20224;2.505;
03/07/2022;19309;2.165;
02/07/2022;19230;0.35;
01/07/2022;19286;1.49;
30/06/2022;19938;1.215;
29/06/2022;20107;0.025;
28/06/2022;20267;0.695;
27/06/2022;20718;0.26;
26/06/2022;21067;0.145;
25/06/2022;21485;1.58;
24/06/2022;21229;0.23;
23/06/2022;21071;2.455;
22/06/2022;19943;4.64;
21/06/2022;20693;2.15;
20/06/2022;20554;0.345;
19/06/2022;20556;4.16;
18/06/2022;18978;7.665;
17/06/2022;20411;3.55;
16/06/2022;20394;4.91;
15/06/2022;22594;5.82;
14/06/2022;22172;1.65;
13/06/2022;22487;7.14;
12/06/2022;26670;4.755;
11/06/2022;28425;1.92;
10/06/2022;29103;0.51;
09/06/2022;30112;1.48;
08/06/2022;30230;1.28;
07/06/2022;31149;1.12;
06/06/2022;31371;2.775;
05/06/2022;29923;2.34;
04/06/2022;29877;0.165;
03/06/2022;29730;1.47;
02/06/2022;30478;2.31;
01/06/2022;29832;4.17;
31/05/2022;31792;3.19;
30/05/2022;31726;3.71;
29/05/2022;29476;3.06;
28/05/2022;29037;0.005;
27/05/2022;28609;1.785;
26/05/2022;29213;0.51;
25/05/2022;29524;0.32;
24/05/2022;29647;1.16;
23/05/2022;29091;2.925;
22/05/2022;30283;3.405;
21/05/2022;29439;1.03;
20/05/2022;29202;2.265;
19/05/2022;30329;4.735;
18/05/2022;28680;5.77;
17/05/2022;30442;3.88;
16/05/2022;29854;3.325;
15/05/2022;31319;4.36;
14/05/2022;30104;0.66;
13/05/2022;29306;0.99;
12/05/2022;29090;0.38;
11/05/2022;29095;3.14;
10/05/2022;31050;4.63;
09/05/2022;30158;7.24;
08/05/2022;34084;3.755;
07/05/2022;35508;1.265;
06/05/2022;36040;0.005;
05/05/2022;36577;3.2;
04/05/2022;39701;6.52;
03/05/2022;37751;3.585;
02/05/2022;38520;1.03;
01/05/2022;38496;1.075;
30/04/2022;37662;2.32;
29/04/2022;38600;0.24;
28/04/2022;39758;2.085;
27/04/2022;39263;0.845;
26/04/2022;38139;4.34;
25/04/2022;40456;4.095;
24/04/2022;39486;1.18;
23/04/2022;39447;0.4;
22/04/2022;39724;0.61;
21/04/2022;40502;0.085;
20/04/2022;41366;0.865;
19/04/2022;41517;1.03;
18/04/2022;40821;0.55;
17/04/2022;39708;2.27;
16/04/2022;40409;0.65;
15/04/2022;40587;1.02;
14/04/2022;39948;2.265;
13/04/2022;41155;2.795;
12/04/2022;40087;0.67;
11/04/2022;39565;3.76;
10/04/2022;42181;2.4;
09/04/2022;42780;1.295;
08/04/2022;42277;1.955;
07/04/2022;43458;1.66;
06/04/2022;43199;2.81;
05/04/2022;45481;1.3;
04/04/2022;46611;1.455;
03/04/2022;46383;0.365;
02/04/2022;45825;1.125;
01/04/2022;46301;1.355;
31/03/2022;45535;2.435;
30/03/2022;47035;1.185;
29/03/2022;47424;0.75;
28/03/2022;47105;0.055;
27/03/2022;46836;2.295;
26/03/2022;44536;2.355;
25/03/2022;44337;0.155;
24/03/2022;44003;0.925;
23/03/2022;42882;0.7;
22/03/2022;42370;1.025;
21/03/2022;41031;1.895;
20/03/2022;41249;0.88;
19/03/2022;42214;1.67;
18/03/2022;41774;0.49;
17/03/2022;40943;1.265;
16/03/2022;41148;2.58;
15/03/2022;39317;2.835;
14/03/2022;39717;3.075;
13/03/2022;37777;3.91;
12/03/2022;38816;1.44;
11/03/2022;38737;1.015;
10/03/2022;39459;2.07;
09/03/2022;41962;7.12;
08/03/2022;38757;3.19;
07/03/2022;38039;1.465;
06/03/2022;38437;0.71;
05/03/2022;39408;1.535;
04/03/2022;39171;4.21;
03/03/2022;42490;2.24;
02/03/2022;43952;1.115;
01/03/2022;44442;1.985;
28/02/2022;43202;5.81;
27/02/2022;37734;9.025;
26/02/2022;39125;1.63;
25/02/2022;39243;1.275;
24/02/2022;38380;0.335;
23/02/2022;37292;2.775;
22/02/2022;38299;2.995;
21/02/2022;37054;3.46;
20/02/2022;38420;0.365;
19/02/2022;40141;2.275;
18/02/2022;40037;0.77;
17/02/2022;40556;3.155;
16/02/2022;43885;3.04;
15/02/2022;44560;3.105;
14/02/2022;42560;1.795;
13/02/2022;42091;0.73;
12/02/2022;42239;0.035;
11/02/2022;42418;1.085;
10/02/2022;43545;0.295;
09/02/2022;44432;1.42;
08/02/2022;44061;0.195;
07/02/2022;43865;1.475;
06/02/2022;42423;0.53;
05/02/2022;41454;1.3;
04/02/2022;41563;5.8;
03/02/2022;37331;5.12;
02/02/2022;36925;2.885;
01/02/2022;38733;2.605;
31/01/2022;38526;0.505;
30/01/2022;37939;1.115;
29/01/2022;38197;0.92;
28/01/2022;37760;0.15;
27/01/2022;37217;0.205;
26/01/2022;36831;0.745;
25/01/2022;36994;0.62;
24/01/2022;36702;0.145;
23/01/2022;36308;1.17;
22/01/2022;35103;3.63;
21/01/2022;36501;3.29;
20/01/2022;40740;4.08;
19/01/2022;41676;0.285;
18/01/2022;42390;1.015;
17/01/2022;42242;1.15;
16/01/2022;43084;0.99;
15/01/2022;43069;0.04;
14/01/2022;43091;0.645;
13/01/2022;42562;2.155;
12/01/2022;43909;2.9;
11/01/2022;42743;0.285;
10/01/2022;41839;1.095;
09/01/2022;41850;0.22;
08/01/2022;41679;0.01;
07/01/2022;41518;2.045;
06/01/2022;43111;1.495;
05/01/2022;43418;2.275;
04/01/2022;45830;1.97;
03/01/2022;46445;0.26;
02/01/2022;47314;0.46;
01/01/2022;47755;2.125;
31/12/2021;46218;2.66;
30/12/2021;47156;1.74;
29/12/2021;46465;1.89;
28/12/2021;47554;1.945;
27/12/2021;50684;2.98;
26/12/2021;50797;0.465;
25/12/2021;50437;0.725;
24/12/2021;50815;0.375;
23/12/2021;50812;2.245;
22/12/2021;48626;2.555;
21/12/2021;48923;2.465;
20/12/2021;46898;1.965;
19/12/2021;46717;0.37;
18/12/2021;46879;0.92;
17/12/2021;46193;2.3;
16/12/2021;47675;0.3;
15/12/2021;48901;1.765;
14/12/2021;48408;1.235;
13/12/2021;46777;5.085;
12/12/2021;50123;4.11;
11/12/2021;49363;1.555;
10/12/2021;47170;2.79;
09/12/2021;47611;2.4;
08/12/2021;50503;2.735;
07/12/2021;50634;0.195;
06/12/2021;50567;1.045;
05/12/2021;49469;0.91;
04/12/2021;49272;4.33;
03/12/2021;53709;1.645;
02/12/2021;56517;1.845;
01/12/2021;57250;0.915;
30/11/2021;56938;1.06;
29/11/2021;57845;1.24;
28/11/2021;57325;1.815;
27/11/2021;54836;1.25;
26/11/2021;53738;5.475;
25/11/2021;58995;6.015;
24/11/2021;57209;1.9;
23/11/2021;57602;1.495;
22/11/2021;56299;3.275;
21/11/2021;58790;1.325;
20/11/2021;59739;2.18;
19/11/2021;58130;0.405;
18/11/2021;57014;3.77;
17/11/2021;60386;3.01;
16/11/2021;60124;2.925;
15/11/2021;63562;1.245;
14/11/2021;65471;2.285;
13/11/2021;64406;0.63;
12/11/2021;64156;0.695;
11/11/2021;64801;0.38;
10/11/2021;64954;1.36;
09/11/2021;66935;1.04;
08/11/2021;67526;3.815;
07/11/2021;63259;1.94;
06/11/2021;61496;1.04;
05/11/2021;61016;0.725;
04/11/2021;61423;0.845;
03/11/2021;62904;0.9;
02/11/2021;63249;2.18;
01/11/2021;60927;2.235;
31/10/2021;61330;0.08;
30/10/2021;61839;0.09;
29/10/2021;62235;1.67;
28/10/2021;60598;0.485;
27/10/2021;58453;3.36;
26/10/2021;60290;0.7;
25/10/2021;63100;4.075;
24/10/2021;60847;2.22;
23/10/2021;61302;0.86;
22/10/2021;60708;1.69;
21/10/2021;62200;1.67;
20/10/2021;65988;4.235;
19/10/2021;64237;0.41;
18/10/2021;62034;1.35;
17/10/2021;61511;0.105;
16/10/2021;60868;1.21;
15/10/2021;61709;4.475;
14/10/2021;57354;3.82;
13/10/2021;57381;1.29;
12/10/2021;55967;2.57;
11/10/2021;57468;3.835;
10/10/2021;54701;2.78;
09/10/2021;54978;1.225;
08/10/2021;53925;0.85;
07/10/2021;53793;1.515;
06/10/2021;55331;5.1;
05/10/2021;51508;1.42;
04/10/2021;49252;1.245;
03/10/2021;48243;0.45;
02/10/2021;47675;1.095;
01/10/2021;48157;5.435;
30/09/2021;43830;2.195;
29/09/2021;41551;2.145;
28/09/2021;41064;1.93;
27/09/2021;42191;0.19;
26/09/2021;43180;1.695;
25/09/2021;42711;0.745;
24/09/2021;42878;2.04;
23/09/2021;44882;3.725;
22/09/2021;43583;2.1;
21/09/2021;40664;6.31;
20/09/2021;43002;1.765;
19/09/2021;47239;3.38;
18/09/2021;48309;2.18;
17/09/2021;47292;1.59;
16/09/2021;47786;0.15;
15/09/2021;48136;1.49;
14/09/2021;47078;1.23;
13/09/2021;44960;3.56;
12/09/2021;46069;2.2;
11/09/2021;45169;0.64;
10/09/2021;44852;2.01;
09/09/2021;46389;1.98;
08/09/2021;46088;1.065;
07/09/2021;46778;4.86;
06/09/2021;52676;6.485;
05/09/2021;51762;0.98;
04/09/2021;49899;1.965;
03/09/2021;50000;0.82;
02/09/2021;49291;0.26;
01/09/2021;48844;1.33;
31/08/2021;47157;1.63;
30/08/2021;47008;1.995;
29/08/2021;48800;1.72;
28/08/2021;48914;0.05;
27/08/2021;49076;2.56;
26/08/2021;46832;4.595;
25/08/2021;48989;3.535;
24/08/2021;47714;3.175;
23/08/2021;49539;2.12;
22/08/2021;49264;0.125;
21/08/2021;48868;0.875;
20/08/2021;49332;3.215;
19/08/2021;46765;0.485;
18/08/2021;44744;2.21;
17/08/2021;44698;1.4;
16/08/2021;45940;0.19;
15/08/2021;47031;1.105;
14/08/2021;47084;0.735;
13/08/2021;47842;4.64;
12/08/2021;44423;5.085;
11/08/2021;45546;1.165;
10/08/2021;45612;0.665;
09/08/2021;46293;3.615;
08/08/2021;43770;3.8;
07/08/2021;44589;2.975;
06/08/2021;42830;0.32;
05/08/2021;40887;0.95;
04/08/2021;39754;0.6;
03/08/2021;38207;3.235;
02/08/2021;39156;0.25;
01/08/2021;39922;0.835;
31/07/2021;41409;0.895;
30/07/2021;42169;3.555;
29/07/2021;40041;2.61;
28/07/2021;40004;0.51;
27/07/2021;39563;2.485;
26/07/2021;37296;0.37;
25/07/2021;35407;0.36;
24/07/2021;33845;1.94;
23/07/2021;33597;1.605;
22/07/2021;32320;1.695;
21/07/2021;32141;3.635;
20/07/2021;29806;5.6;
19/07/2021;30847;0.15;
18/07/2021;31824;1.955;
17/07/2021;31559;0.215;
16/07/2021;31429;0.875;
15/07/2021;31857;0.8;
14/07/2021;32823;1.615;
13/07/2021;32727;0.695;
12/07/2021;33090;1.13;
11/07/2021;34239;2.775;
10/07/2021;33506;1.485;
09/07/2021;33769;1.75;
08/07/2021;32874;2.855;
07/07/2021;33886;1.125;
06/07/2021;34140;1.07;
05/07/2021;33668;2.995;
04/07/2021;35289;3.06;
03/07/2021;34758;0.63;
02/07/2021;33816;1.005;
01/07/2021;33554;2.515;
30/06/2021;35044;0.94;
29/06/2021;35896;3.23;
28/06/2021;34484;2.38;
27/06/2021;34717;3.98;
26/06/2021;32359;2.42;
25/06/2021;31584;5.66;
24/06/2021;34657;5.85;
23/06/2021;33703;0.35;
22/06/2021;32553;0.52;
21/06/2021;31761;6.675;
20/06/2021;35631;5.495;
19/06/2021;35586;0.365;
18/06/2021;35802;2.67;
17/06/2021;38061;2.615;
16/06/2021;38332;1.895;
15/06/2021;40139;1.805;
14/06/2021;40500;2.365;
13/06/2021;39004;2.965;
12/06/2021;35531;7.305;
11/06/2021;37338;3.36;
10/06/2021;36649;1.875;
09/06/2021;37347;6.82;
08/06/2021;33415;6.155;
07/06/2021;33596;2.785;
06/06/2021;35782;3.39;
05/06/2021;35543;2.115;
04/06/2021;36854;1.225;
03/06/2021;39209;5.16;
02/06/2021;37590;0.905;
01/06/2021;36673;2.1;
31/05/2021;37305;3.225;
30/05/2021;35615;0.865;
29/05/2021;34570;3.05;
28/05/2021;35667;2.06;
27/05/2021;38435;2.5;
26/05/2021;39301;2.325;
25/05/2021;38363;1.755;
24/05/2021;38773;6.35;
23/05/2021;34730;9.62;
22/05/2021;37585;4.025;
21/05/2021;37415;4.12;
20/05/2021;40578;9.095;
19/05/2021;36755;12.395;
18/05/2021;42935;6.495;
17/05/2021;43544;2.56;
16/05/2021;46583;3.045;
15/05/2021;46785;2.92;
14/05/2021;49917;3.305;
13/05/2021;49747;0.15;
12/05/2021;49725;6.18;
11/05/2021;56715;6.935;
10/05/2021;55851;2.855;
09/05/2021;58276;1.555;
08/05/2021;58894;1.87;
07/05/2021;57349;0.55;
06/05/2021;56451;1.69;
05/05/2021;57477;4.85;
04/05/2021;53264;7.35;
03/05/2021;57147;3.875;
02/05/2021;56605;1.49;
01/05/2021;57774;1.13;
30/04/2021;57637;3.68;
29/04/2021;53566;4.98;
28/04/2021;54860;1.015;
27/04/2021;55044;1.035;
26/04/2021;54103;4.205;
25/04/2021;49116;6.12;
24/04/2021;50167;0.095;
23/04/2021;51139;0.33;
22/04/2021;51781;1.275;
21/04/2021;53822;0.455;
20/04/2021;56476;3.1;
19/04/2021;55639;1.215;
18/04/2021;56163;2.71;
17/04/2021;59970;2.07;
16/04/2021;61325;0.375;
15/04/2021;63196;1.68;
14/04/2021;62943;0.655;
13/04/2021;63518;3.475;
12/04/2021;59900;3.13;
11/04/2021;60035;0.285;
10/04/2021;59824;1.295;
09/04/2021;58114;1.465;
08/04/2021;58110;1.915;
07/04/2021;55960;3.67;
06/04/2021;57991;0.775;
05/04/2021;59145;1.75;
04/04/2021;58240;0.29;
03/04/2021;57023;2.705;
02/04/2021;58959;1.835;
01/04/2021;58727;0.255;
31/03/2021;58796;0.02;
30/03/2021;58841;1.055;
29/03/2021;57672;0.69;
28/03/2021;55773;1.805;
27/03/2021;55886;0.91;
26/03/2021;54993;2.725;
25/03/2021;51363;4.475;
24/03/2021;52347;0.885;
23/03/2021;54331;2.065;
22/03/2021;54074;3.11;
21/03/2021;57368;2.25;
20/03/2021;58087;0.63;
19/03/2021;58074;0.365;
18/03/2021;57640;1.42;
17/03/2021;58870;2.755;
16/03/2021;56924;0.56;
15/03/2021;55644;4;
14/03/2021;59005;1.05;
13/03/2021;61207;5.195;
12/03/2021;57315;3.875;
11/03/2021;57869;2.19;
10/03/2021;55955;0.795;
09/03/2021;54949;1.525;
08/03/2021;52395;1.105;
07/03/2021;51031;0.85;
06/03/2021;48895;2.1;
05/03/2021;48811;0.375;
04/03/2021;48368;2.5;
03/03/2021;50425;3.995;
02/03/2021;48526;3.01;
01/03/2021;49572;5.77;
28/02/2021;45300;5.705;
27/02/2021;46217;0.88;
26/02/2021;46319;0.765;
25/02/2021;47144;1.71;
24/02/2021;49715;3.43;
23/02/2021;48888;5.645;
22/02/2021;54078;1.925;
21/02/2021;57376;4.25;
20/02/2021;55838;1.385;
19/02/2021;55847;4.16;
18/02/2021;51566;4.625;
17/02/2021;52060;3.355;
16/02/2021;49225;1.54;
15/02/2021;47941;2.005;
14/02/2021;48587;2.16;
13/02/2021;47177;1.72;
12/02/2021;47389;0.375;
11/02/2021;47966;4.09;
10/02/2021;44835;5.265;
09/02/2021;46486;1.825;
08/02/2021;46440;9.73;
07/02/2021;38841;10.31;
06/02/2021;39257;1.835;
05/02/2021;38260;0.435;
04/02/2021;36975;2.67;
03/02/2021;37677;3.9;
02/02/2021;35563;0.015;
01/02/2021;33559;2.355;
31/01/2021;33141;2.365;
30/01/2021;34334;1.815;
29/01/2021;34281;1.345;
28/01/2021;33331;3.3;
27/01/2021;30454;7.9;
26/01/2021;32519;3.565;
25/01/2021;32268;0.435;
24/01/2021;32298;0.355;
23/01/2021;32099;1.765;
22/01/2021;33062;5;
21/01/2021;30873;10.09;
20/01/2021;35521;5.935;
19/01/2021;35958;0.4;
18/01/2021;36699;2.12;
17/01/2021;35903;1.32;
16/01/2021;36055;0.725;
15/01/2021;36741;2.165;
14/01/2021;39170;5.5;
13/01/2021;37375;2.395;
12/01/2021;34103;6.73;
11/01/2021;35476;1.66;
10/01/2021;38226;1.175;
09/01/2021;40171;2.005;
08/01/2021;40509;1.815;
07/01/2021;39407;2.21;
06/01/2021;36755;0.45;
05/01/2021;33996;0.975;
04/01/2021;32020;4.525;
03/01/2021;32971;2.66;
02/01/2021;32185;3.615;
01/01/2021;29346;4.12;
31/12/2020;28933;0.625;
30/12/2020;28880;2.775;
29/12/2020;27315;2.39;
28/12/2020;27058;1.08;
27/12/2020;26241;1.88;
26/12/2020;26412;3.755;
25/12/2020;24717;1.36;
24/12/2020;23735;0.99;
23/12/2020;23234;2.28;
22/12/2020;23805;3.63;
21/12/2020;22701;3.98;
20/12/2020;23427;0.76;
19/12/2020;23804;2.255;
18/12/2020;23127;0.76;
17/12/2020;22807;2.775;
16/12/2020;21322;1.305;
15/12/2020;19459;4.325;
14/12/2020;19281;0.195;
13/12/2020;19180;0.715;
12/12/2020;18811;1.125;
11/12/2020;18050;2.68;
10/12/2020;18260;0.235;
09/12/2020;18560;1.425;
08/12/2020;18335;2.86;
07/12/2020;19196;1.695;
06/12/2020;19410;1.21;
05/12/2020;19157;0.68;
04/12/2020;18657;3.37;
03/12/2020;19447;2.565;
02/12/2020;19241;0.62;
01/12/2020;18807;3.39;
30/11/2020;19686;6.33;
29/11/2020;18196;2.825;
28/11/2020;17746;0.41;
27/11/2020;17169;1.825;
26/11/2020;17219;3.89;
25/11/2020;18730;2.975;
24/11/2020;19135;3.135;
23/11/2020;18373;2.145;
22/11/2020;18399;0.63;
21/11/2020;18660;0.675;
20/11/2020;18669;2.435;
19/11/2020;17810;2.305;
18/11/2020;17773;0.175;
17/11/2020;17675;2.605;
16/11/2020;16710;0.545;
15/11/2020;15962;2.64;
14/11/2020;16058;0.47;
13/11/2020;16310;0.82;
12/11/2020;16294;1.81;
11/11/2020;15710;0.56;
10/11/2020;15312;1.355;
09/11/2020;15329;0.5;
08/11/2020;15501;2.77;
07/11/2020;14844;4.55;
06/11/2020;15572;2.33;
05/11/2020;15574;5;
04/11/2020;14160;4.515;
03/11/2020;14025;1.225;
02/11/2020;13563;2.405;
01/11/2020;13756;0.585;
31/10/2020;13788;0.925;
30/10/2020;13568;0.375;
29/10/2020;13451;0.24;
28/10/2020;13272;1.975;
27/10/2020;13626;3.465;
26/10/2020;13061;2.075;
25/10/2020;13037;0.45;
24/10/2020;13132;1.12;
23/10/2020;12935;0.965;
22/10/2020;12988;0.84;
21/10/2020;12825;3.14;
20/10/2020;11925;3.06;
19/10/2020;11757;0.325;
18/10/2020;11518;0.41;
17/10/2020;11375;0.41;
16/10/2020;11325;1.02;
15/10/2020;11509;1.1;
14/10/2020;11440;0.31;
13/10/2020;11442;0.5;
12/10/2020;11560;1.28;
11/10/2020;11385;0.43;
10/10/2020;11308;0.73;
09/10/2020;11071;0.485;
08/10/2020;10943;0.615;
07/10/2020;10687;0.855;
06/10/2020;10614;1.24;
05/10/2020;10807;1.455;
04/10/2020;10687;0.05;
03/10/2020;10559;0.74;
02/10/2020;10586;0.095;
01/10/2020;10634;0.515;
30/09/2020;10794;0.455;
29/09/2020;10856;0.955;
28/09/2020;10712;1.09;
27/09/2020;10803;0.665;
26/09/2020;10750;0.05;
25/09/2020;10708;0.41;
24/09/2020;10754;2.605;
23/09/2020;10263;3.745;
22/09/2020;10549;1.905;
21/09/2020;10434;2.84;
20/09/2020;10935;1.55;
19/09/2020;11099;1.385;
18/09/2020;10957;0.655;
17/09/2020;10959;0.045;
16/09/2020;10971;0.86;
15/09/2020;10797;0.285;
14/09/2020;10686;1.2;
13/09/2020;10331;2.325;
12/09/2020;10458;0.86;
11/09/2020;10405;0.015;
10/09/2020;10355;0.32;
09/09/2020;10240;0.115;
08/09/2020;10150;1.635;
07/09/2020;10397;1.78;
06/09/2020;10276;0.205;
05/09/2020;10197;1.755;
04/09/2020;10485;2.915;
03/09/2020;10170;6.97;
02/09/2020;11408;3.19;
01/09/2020;11942;3.395;
31/08/2020;11671;1.41;
30/08/2020;11730;1.285;
29/08/2020;11492;1.265;
28/08/2020;11545;1.12;
27/08/2020;11343;1.45;
26/08/2020;11471;1.135;
25/08/2020;11341;2.39;
24/08/2020;11768;2.265;
23/08/2020;11663;0.545;
22/08/2020;11685;0.765;
21/08/2020;11531;2.155;
20/08/2020;11884;1.935;
19/08/2020;11778;1.22;
18/08/2020;11962;0.605;
17/08/2020;12300;2.945;
16/08/2020;11925;1.355;
15/08/2020;11873;0.265;
14/08/2020;11761;0.615;
13/08/2020;11793;1.005;
12/08/2020;11591;0.06;
11/08/2020;11380;3.085;
10/08/2020;11892;3.08;
09/08/2020;11676;1.3;
08/08/2020;11764;1.17;
07/08/2020;11580;1.555;
06/08/2020;11759;0.86;
05/08/2020;11736;2.365;
04/08/2020;11184;2.655;
03/08/2020;11227;0.97;
02/08/2020;11054;3.96;
01/08/2020;11805;5.185;
31/07/2020;11350;0.985;
30/07/2020;11123;0.995;
29/07/2020;11117;0.82;
28/07/2020;10932;1.35;
27/07/2020;11044;6.015;
26/07/2020;9948;4.31;
25/07/2020;9715;0.385;
24/07/2020;9559;1.105;
23/07/2020;9615;0.59;
22/07/2020;9558;0.53;
21/07/2020;9402;0.385;
20/07/2020;9179;1.495;
19/07/2020;9231;0.51;
18/07/2020;9189;0.11;
17/07/2020;9167;0.025;
16/07/2020;9150;0.42;
15/07/2020;9210;0.035;
14/07/2020;9263;0.35;
13/07/2020;9252;0.4;
12/07/2020;9316;0.715;
11/07/2020;9246;0.695;
10/07/2020;9306;0.625;
09/07/2020;9249;1.355;
08/07/2020;9447;2.02;
07/07/2020;9268;1.47;
06/07/2020;9361;1.995;
05/07/2020;9090;1.81;
04/07/2020;9148;0.72;
03/07/2020;9074;0.55;
02/07/2020;9100;0.61;
01/07/2020;9240;1.245;
30/06/2020;9151;0.73;
29/06/2020;9194;0.605;
28/06/2020;9128;0.26;
27/06/2020;9015;1.485;
26/06/2020;9173;0.405;
25/06/2020;9257;0.16;
24/06/2020;9312;1.38;
23/06/2020;9635;1.35;
22/06/2020;9698;2.475;
21/06/2020;9298;2.54;
20/06/2020;9371;0.69;
19/06/2020;9316;0.75;
18/06/2020;9400;0.065;
17/06/2020;9473;0.065;
16/06/2020;9534;0.855;
15/06/2020;9434;0.06;
14/06/2020;9345;1.19;
13/06/2020;9481;0.78;
12/06/2020;9468;0.99;
11/06/2020;9272;4.22;
10/06/2020;9899;3.82;
09/06/2020;9771;0.72;
08/06/2020;9783;0.255;
07/06/2020;9746;0.215;
06/06/2020;9668;0.155;
05/06/2020;9621;1.12;
04/06/2020;9791;1.485;
03/06/2020;9672;0.13;
02/06/2020;9530;4.125;
01/06/2020;10221;7.445;
31/05/2020;9452;5.375;
30/05/2020;9706;2.795;
29/05/2020;9426;2.335;
28/05/2020;9589;2.905;
27/05/2020;9210;0.005;
26/05/2020;8846;2.375;
25/05/2020;8902;1.41;
24/05/2020;8712;3.62;
23/05/2020;9175;2.59;
22/05/2020;9162;0.505;
21/05/2020;9060;2.9;
20/05/2020;9502;0.96;
19/05/2020;9770;1.655;
18/05/2020;9715;0.045;
17/05/2020;9668;1.25;
16/05/2020;9388;1.09;
15/05/2020;9313;2.84;
14/05/2020;9791;5.01;
13/05/2020;9312;0.27;
12/05/2020;8811;1.34;
11/05/2020;8555;2.48;
10/05/2020;8726;3.275;
09/05/2020;9538;2.955;
08/05/2020;9793;0.365;
07/05/2020;9980;5.42;
06/05/2020;9158;3.72;
05/05/2020;9020;0.105;
04/05/2020;8866;1.06;
03/05/2020;8900;0.27;
02/05/2020;8982;1.365;
01/05/2020;8823;0.18;
30/04/2020;8635;1.87;
29/04/2020;8773;7.345;
28/04/2020;7756;6.7;
27/04/2020;7778;0.665;
26/04/2020;7697;0.525;
25/04/2020;7539;0.84;
24/04/2020;7507;0.135;
23/04/2020;7495;2.465;
22/04/2020;7133;0.475;
21/04/2020;6850;2.005;
20/04/2020;6842;2.105;
19/04/2020;7133;1.11;
18/04/2020;7269;2.52;
17/04/2020;7046;2.07;
16/04/2020;7115;4.11;
15/04/2020;6634;5.36;
14/04/2020;6872;1.91;
13/04/2020;6849;0.64;
12/04/2020;6913;0.67;
11/04/2020;6885;0.14;
10/04/2020;6876;2.93;
09/04/2020;7294;2.365;
08/04/2020;7367;1.64;
07/04/2020;7203;2.115;
06/04/2020;7346;5.165;
05/04/2020;6778;4.945;
04/04/2020;6882;1.8;
03/04/2020;6741;1.615;
02/04/2020;6818;1.645;
01/04/2020;6675;0.85;
31/03/2020;6428;1.77;
30/03/2020;6408;4.215;
29/03/2020;5893;7.225;
28/03/2020;6249;1.91;
27/03/2020;6370;1.875;
26/03/2020;6751;3.285;
25/03/2020;6688;1.01;
24/03/2020;6762;2.63;
23/03/2020;6491;3.615;
22/03/2020;5827;8.72;
21/03/2020;6202;2.99;
20/03/2020;6206;0.29;
19/03/2020;6173;6.73;
18/03/2020;5416;6.325;
17/03/2020;5345;2.17;
16/03/2020;5059;5.85;
15/03/2020;5383;4.595;
14/03/2020;5218;5.2;
13/03/2020;5625;10.705;
12/03/2020;4927;26.175;
11/03/2020;7970;19.445;
10/03/2020;7914;0.69;
09/03/2020;7967;0.325;
08/03/2020;8074;4.075;
07/03/2020;8919;3.31;
06/03/2020;9181;1.92;
05/03/2020;9091;1.225;
04/03/2020;8789;1.735;
03/03/2020;8791;0.805;
02/03/2020;8938;2.995;
01/03/2020;8565;2.13;
29/02/2020;8557;1.025;
28/02/2020;8728;0.425;
27/02/2020;8826;0.625;
26/02/2020;8813;2.825;
25/02/2020;9328;0.965;
24/02/2020;9674;0.235;
23/02/2020;9985;3.225;
22/02/2020;9662;1.83;
21/02/2020;9694;0.605;
20/02/2020;9608;0.36;
19/02/2020;9592;2.985;
18/02/2020;10183;5.345;
17/02/2020;9708;3.56;
16/02/2020;9930;1.26;
15/02/2020;9901;2.245;
14/02/2020;10335;2.655;
13/02/2020;10222;1.12;
12/02/2020;10339;1.015;
11/02/2020;10247;1.565;
10/02/2020;9850;3.495;
09/02/2020;10151;2.865;
08/02/2020;9877;1.02;
07/02/2020;9805;0.055;
06/02/2020;9745;0.38;
05/02/2020;9612;1.565;
04/02/2020;9197;2.855;
03/02/2020;9309;0.365;
02/02/2020;9353;0.07;
01/02/2020;9411;0.535;
31/01/2020;9367;0.995;
30/01/2020;9513;1.885;
29/01/2020;9304;1.595;
28/01/2020;9394;3.18;
27/01/2020;8912;1.02;
26/01/2020;8622;0.08;
25/01/2020;8354;2.16;
24/01/2020;8447;0.815;
23/01/2020;8404;1.765;
22/01/2020;8664;1.105;
21/01/2020;8734;0.955;
20/01/2020;8638;0.875;
19/01/2020;8694;0.79;
18/01/2020;8892;1.2;
17/01/2020;8875;0.8;
16/01/2020;8721;1.385;
15/01/2020;8808;0.68;
14/01/2020;8776;4.02;
13/01/2020;8095;4.695;
12/01/2020;8175;1.495;
11/01/2020;8014;2;
10/01/2020;8176;3.29;
09/01/2020;7818;3.66;
08/01/2020;8037;0.67;
07/01/2020;8150;3.22;
06/01/2020;7758;0.145;
05/01/2020;7365;2.705;
04/01/2020;7370;0.05;
03/01/2020;7368;2.69;
02/01/2020;6989;4.255;
01/01/2020;7213;1.58;
31/12/2019;7208;0.39;
30/12/2019;7261;0.7;
29/12/2019;7418;1.63;
28/12/2019;7334;0.245;
27/12/2019;7287;0.05;
26/12/2019;7232;0.29;
25/12/2019;7220;0.475;
24/12/2019;7277;0.09;
23/12/2019;7347;0.745;
22/12/2019;7532;3.775;
21/12/2019;7166;2.875;
20/12/2019;7213;0.54;
19/12/2019;7182;1.18;
18/12/2019;7323;5.885;
17/12/2019;6667;6.795;
16/12/2019;6927;0.295;
15/12/2019;7153;1.945;
14/12/2019;7101;1.615;
13/12/2019;7283;1.66;
12/12/2019;7224;0.455;
11/12/2019;7231;0.12;
10/12/2019;7255;0.68;
09/12/2019;7380;0.38;
08/12/2019;7565;1.365;
07/12/2019;7543;0.435;
06/12/2019;7588;1.29;
05/12/2019;7440;0.4;
04/12/2019;7238;2.06;
03/12/2019;7336;0.57;
02/12/2019;7350;0.575;
01/12/2019;7450;0.315;
30/11/2019;7600;0.275;
29/11/2019;7797;3.51;
28/11/2019;7461;2.835;
27/11/2019;7549;3.025;
26/11/2019;7198;2.23;
25/11/2019;7168;1.245;
24/11/2019;6965;4.09;
23/11/2019;7353;2.835;
22/11/2019;7323;2.47;
21/11/2019;7671;0.53;
20/11/2019;8126;2.565;
19/11/2019;8165;0.095;
18/11/2019;8220;1.53;
17/11/2019;8537;1.94;
16/11/2019;8524;0.085;
15/11/2019;8496;1.09;
14/11/2019;8656;0.1;
13/11/2019;8801;0.66;
12/11/2019;8830;0.695;
11/11/2019;8738;2.355;
10/11/2019;9068;3.185;
09/11/2019;8828;1.1;
08/11/2019;8782;2.57;
07/11/2019;9208;1.535;
06/11/2019;9353;0.875;
05/11/2019;9334;0.67;
04/11/2019;9441;1.755;
03/11/2019;9222;1.775;
02/11/2019;9332;0.82;
01/11/2019;9289;0.335;
31/10/2019;9186;0.56;
30/10/2019;9184;1.39;
29/10/2019;9446;2.575;
28/10/2019;9226;3;
27/10/2019;9572;3.435;
26/10/2019;9271;1.785;
25/10/2019;8679;4.815;
24/10/2019;7453;8.495;
23/10/2019;7494;3.235;
22/10/2019;8059;2.385;
21/10/2019;8244;1.02;
20/10/2019;8261;1.775;
19/10/2019;7993;1.64;
18/10/2019;7987;0.685;
17/10/2019;8092;1.125;
16/10/2019;8016;1.545;
15/10/2019;8191;0;
14/10/2019;8370;1.455;
13/10/2019;8306;0.46;
12/10/2019;8318;0.305;
11/10/2019;8280;2.07;
10/10/2019;8596;1.775;
09/10/2019;8608;2.48;
08/10/2019;8211;2.51;
07/10/2019;8227;2.275;
06/10/2019;7883;3.89;
05/10/2019;8163;1.665;
04/10/2019;8170;0.485;
03/10/2019;8258;0.395;
02/10/2019;8413;1.395;
01/10/2019;8335;0.445;
30/09/2019;8331;1.465;
29/09/2019;8090;2.39;
28/09/2019;8239;1.055;
27/09/2019;8213;0.52;
26/09/2019;8104;2.865;
25/09/2019;8475;1.76;
24/09/2019;8548;5.52;
23/09/2019;9703;4.21;
22/09/2019;10052;1.935;
21/09/2019;10013;1.1;
20/09/2019;10198;0.405;
19/09/2019;10301;1.07;
18/09/2019;10185;0.71;
17/09/2019;10214;0.255;
16/09/2019;10295;0.265;
15/09/2019;10322;0.145;
14/09/2019;10379;0.3;
13/09/2019;10374;0.4;
12/09/2019;10452;1.735;
11/09/2019;10175;1.1;
10/09/2019;10122;1.21;
09/09/2019;10318;0.485;
08/09/2019;10415;0.115;
07/09/2019;10488;1.18;
06/09/2019;10317;2.065;
05/09/2019;10579;1.18;
04/09/2019;10590;0.185;
03/09/2019;10641;1.46;
02/09/2019;10388;1.895;
01/09/2019;9779;2.31;
31/08/2019;9624;0.685;
30/08/2019;9601;0.365;
29/08/2019;9509;1.61;
28/08/2019;9727;1.115;
27/08/2019;10184;1.31;
26/08/2019;10377;2.14;
25/08/2019;10132;1.31;
24/08/2019;10152;1.13;
23/08/2019;10408;2.67;
22/08/2019;10117;1.585;
21/08/2019;10146;2.85;
20/08/2019;10793;2.335;
19/08/2019;10937;3.615;
18/08/2019;10327;2.47;
17/08/2019;10228;1.15;
16/08/2019;10366;0.855;
15/08/2019;10327;1.1;
14/08/2019;10067;5.13;
13/08/2019;10904;1.65;
12/08/2019;11404;1.405;
11/08/2019;11586;1.985;
10/08/2019;11314;3.635;
09/08/2019;11893;1.745;
08/08/2019;12060;0.955;
07/08/2019;11997;2.025;
06/08/2019;11471;3.715;
05/08/2019;11808;5.23;
04/08/2019;10973;3.105;
03/08/2019;10822;0.74;
02/08/2019;10519;0.865;
01/08/2019;10399;0.965;
31/07/2019;10088;1.06;
30/07/2019;9589;2.17;
29/07/2019;9507;0.495;
28/07/2019;9519;0.345;
27/07/2019;9466;2.195;
26/07/2019;9843;1.675;
25/07/2019;9890;0.85;
24/07/2019;9771;1.035;
23/07/2019;9855;1.87;
22/07/2019;10329;1.16;
21/07/2019;10569;0.34;
20/07/2019;10740;1.845;
19/07/2019;10519;1.535;
18/07/2019;10622;5.335;
17/07/2019;9683;3.4;
16/07/2019;9410;7.965;
15/07/2019;10820;9.52;
14/07/2019;10207;7.89;
13/07/2019;11312;2.96;
12/07/2019;11765;3.8;
11/07/2019;11340;4.99;
10/07/2019;12093;1.285;
09/07/2019;12553;2.855;
08/07/2019;12301;2.525;
07/07/2019;11486;2.65;
06/07/2019;11283;0.395;
05/07/2019;10998;2.06;
04/07/2019;11169;2.635;
03/07/2019;11984;8.545;
02/07/2019;10866;4.08;
01/07/2019;10639;1.56;
30/06/2019;10745;4.435;
29/06/2019;11921;3.195;
28/06/2019;12349;6.865;
27/06/2019;11200;11.64;
26/06/2019;12876;11.295;
25/06/2019;11751;1.625;
24/06/2019;11053;2.53;
23/06/2019;10916;0.15;
22/06/2019;10748;1.72;
21/06/2019;10236;1.05;
20/06/2019;9557;2.2;
19/06/2019;9306;0.195;
18/06/2019;9096;2.545;
17/06/2019;9356;3.45;
16/06/2019;8986;1.325;
15/06/2019;8856;0.225;
14/06/2019;8689;1.845;
13/06/2019;8227;2.485;
12/06/2019;8175;1.395;
11/06/2019;7904;2.4;
10/06/2019;8014;3.135;
09/06/2019;7639;4.25;
08/06/2019;7925;1.38;
07/06/2019;7992;1.61;
06/06/2019;7806;1.085;
05/06/2019;7789;0.52;
04/06/2019;7693;3.16;
03/06/2019;8103;1.105;
02/06/2019;8740;4.77;
01/06/2019;8547;1.05;
31/05/2019;8533;1.51;
30/05/2019;8270;3.955;
29/05/2019;8681;2.02;
28/05/2019;8741;0.025;
27/05/2019;8806;0.805;
26/05/2019;8730;3.755;
25/05/2019;8055;3.815;
24/05/2019;7995;0.405;
23/05/2019;7872;0.87;
22/05/2019;7621;3.64;
21/05/2019;7937;1.69;
20/05/2019;7985;0.95;
19/05/2019;8190;7.65;
18/05/2019;7260;7.45;
17/05/2019;7415;1.76;
16/05/2019;7857;1.115;
15/05/2019;8133;2.79;
14/05/2019;7958;0.23;
13/05/2019;7753;4.215;
12/05/2019;6980;6.635;
11/05/2019;7136;6.515;
10/05/2019;6439;3.98;
09/05/2019;6258;0.975;
08/05/2019;6201;0.465;
07/05/2019;6088;0.43;
06/05/2019;6028;0.615;
05/05/2019;6042;0.345;
04/05/2019;6098;1.145;
03/05/2019;6016;1.87;
02/05/2019;5724;1.72;
01/05/2019;5630;0.565;
30/04/2019;5600;0.82;
29/04/2019;5480;1.15;
28/04/2019;5487;0.845;
27/04/2019;5402;0.87;
26/04/2019;5411;1.925;
25/04/2019;5219;4.225;
24/04/2019;5480;1.75;
23/04/2019;5551;1.865;
22/04/2019;5418;0.33;
21/04/2019;5322;1.07;
20/04/2019;5340;0.415;
19/04/2019;5314;0.215;
18/04/2019;5311;0.505;
17/04/2019;5255;0.34;
16/04/2019;5234;1.64;
15/04/2019;5049;3.23;
14/04/2019;5194;2.3;
13/04/2019;5102;1.025;
12/04/2019;5114;0.595;
11/04/2019;5066;2.79;
10/04/2019;5312;3.23;
09/04/2019;5216;1.82;
08/04/2019;5313;1.615;
07/04/2019;5238;0.74;
06/04/2019;5091;1.35;
05/04/2019;5080;1.335;
04/04/2019;4939;1.83;
03/04/2019;4978;0.91;
02/04/2019;4927;8.185;
01/04/2019;4197;8.35;
31/03/2019;4168;0.32;
30/03/2019;4165;0.195;
29/03/2019;4179;1.22;
28/03/2019;4093;1.175;
27/03/2019;4103;1.51;
26/03/2019;3992;1.115;
25/03/2019;3970;1.16;
24/03/2019;4041;0.615;
23/03/2019;4063;0.49;
22/03/2019;4045;0.215;
21/03/2019;4045;1.005;
20/03/2019;4127;1.275;
19/03/2019;4105;0.11;
18/03/2019;4074;0.33;
17/03/2019;4069;0.29;
16/03/2019;4088;1.295;
15/03/2019;4003;0.365;
14/03/2019;3948;0.69;
13/03/2019;3948;0.085;
12/03/2019;3954;0.145;
11/03/2019;3949;0.705;
10/03/2019;4000;0.425;
09/03/2019;4017;1.19;
08/03/2019;3941;1.28;
07/03/2019;3965;0.475;
06/03/2019;3951;0.175;
05/03/2019;3952;2;
04/03/2019;3800;3.085;
03/03/2019;3885;0.73;
02/03/2019;3913;0.345;
01/03/2019;3914;0.27;
28/02/2019;3894;0.365;
27/02/2019;3903;0.185;
26/02/2019;3897;0.395;
25/02/2019;3922;1.49;
24/02/2019;3832;5.68;
23/02/2019;4212;6.4;
22/02/2019;4058;1.275;
21/02/2019;4009;1.185;
20/02/2019;4055;1.385;
19/02/2019;3990;0.665;
18/02/2019;3978;3.11;
17/02/2019;3735;2.47;
16/02/2019;3676;0.7;
15/02/2019;3670;0.09;
14/02/2019;3657;0.31;
13/02/2019;3666;0.25;
12/02/2019;3694;0.56;
11/02/2019;3681;1.05;
10/02/2019;3746;1.245;
09/02/2019;3718;0.45;
08/02/2019;3724;4.265;
07/02/2019;3436;4.42;
06/02/2019;3452;0.635;
05/02/2019;3513;1.18;
04/02/2019;3491;0.475;
03/02/2019;3502;0.72;
02/02/2019;3564;1.275;
01/02/2019;3536;0.105;
31/01/2019;3501;0.905;
30/01/2019;3530;1.15;
29/01/2019;3478;1.085;
28/01/2019;3502;0.985;
27/01/2019;3597;0.86;
26/01/2019;3631;0.49;
25/01/2019;3629;0.35;
24/01/2019;3653;0.775;
23/01/2019;3620;0.715;
22/01/2019;3639;1.1;
21/01/2019;3579;0.93;
20/01/2019;3586;2.215;
19/01/2019;3760;3.455;
18/01/2019;3676;1.78;
17/01/2019;3723;1.34;
16/01/2019;3671;0.505;
15/01/2019;3657;1.44;
14/01/2019;3749;3.445;
13/01/2019;3591;3.705;
12/01/2019;3702;1.31;
11/01/2019;3716;0.235;
10/01/2019;3713;4.58;
09/01/2019;4083;4.33;
08/01/2019;4100;0.035;
07/01/2019;4114;0.52;
06/01/2019;4172;4.02;
05/01/2019;3911;3.885;
04/01/2019;3955;0.96;
03/01/2019;3923;1.95;
02/01/2019;4049;2.625;
01/01/2019;3963;0.65;
31/12/2018;3831;3.59;
30/12/2018;3978;3.035;
29/12/2018;3887;3.03;
28/12/2018;4037;6.19;
27/12/2018;3715;7.07;
26/12/2018;3930;2.99;
25/12/2018;3910;3.095;
24/12/2018;4145;3.695;
23/12/2018;4076;1.57;
22/12/2018;4135;2.715;
21/12/2018;3976;4.83;
20/12/2018;4215;8.14;
19/12/2018;3810;4.915;
18/12/2018;3780;1.745;
17/12/2018;3625;2.785;
16/12/2018;3300;4.7;
15/12/2018;3285;0.19;
14/12/2018;3283;1.1;
13/12/2018;3354;1.5;
12/12/2018;3536;4.025;
11/12/2018;3435;2.73;
10/12/2018;3525;0.305;
09/12/2018;3640;3.48;
08/12/2018;3506;1.24;
07/12/2018;3460;1.675;
06/12/2018;3531;2.095;
05/12/2018;3765;0.385;
04/12/2018;3982;3.755;
03/12/2018;3901;4.14;
02/12/2018;4160;2.125;
01/12/2018;4243;3.515;
30/11/2018;4038;5.72;
29/11/2018;4313;3.26;
28/11/2018;4306;5.355;
27/11/2018;3884;5.09;
26/11/2018;3858;3.15;
25/11/2018;4088;4.82;
24/11/2018;3930;7.58;
23/11/2018;4423;5.915;
22/11/2018;4392;3.285;
21/11/2018;4667;3.665;
20/11/2018;4600;4.145;
19/11/2018;4938;2.955;
18/11/2018;5659;6.665;
17/11/2018;5627;0.59;
16/11/2018;5661;0.505;
15/11/2018;5753;0.31;
14/11/2018;5885;3.37;
13/11/2018;6464;4.62;
12/11/2018;6447;0.16;
11/11/2018;6450;0.17;
10/11/2018;6431;0.06;
09/11/2018;6420;0.545;
08/11/2018;6480;0.25;
07/11/2018;6573;1.15;
06/11/2018;6515;0.09;
05/11/2018;6470;0.465;
04/11/2018;6485;0.875;
03/11/2018;6388;1.065;
02/11/2018;6427;0.52;
01/11/2018;6400;0.03;
31/10/2018;6368;0.055;
30/10/2018;6330;0.41;
29/10/2018;6344;1.015;
28/10/2018;6490;1.045;
27/10/2018;6500;0.16;
26/10/2018;6532;0.265;
25/10/2018;6528;0.225;
24/10/2018;6554;0.23;
23/10/2018;6550;0.16;
22/10/2018;6567;0.055;
21/10/2018;6592;0.22;
20/10/2018;6587;0.42;
19/10/2018;6527;1.105;
18/10/2018;6613;0.27;
17/10/2018;6737;0.795;
16/10/2018;6754;0.215;
15/10/2018;6742;3.12;
14/10/2018;6335;3.14;
13/10/2018;6327;0.195;
12/10/2018;6293;0.065;
11/10/2018;6252;3.18;
10/10/2018;6630;2.605;
09/10/2018;6663;0.17;
08/10/2018;6673;0.62;
07/10/2018;6601;0.475;
06/10/2018;6592;0.465;
05/10/2018;6645;0.885;
04/10/2018;6580;0.1;
03/10/2018;6503;0.82;
02/10/2018;6533;0.29;
01/10/2018;6602;0.4;
30/09/2018;6618;0.22;
29/09/2018;6605;0.33;
28/09/2018;6635;0.2;
27/09/2018;6693;2.21;
26/09/2018;6462;1.565;
25/09/2018;6435;1.355;
24/09/2018;6585;0.21;
23/09/2018;6710;0.835;
22/09/2018;6723;0.2;
21/09/2018;6763;2.31;
20/09/2018;6501;1.16;
19/09/2018;6391;0.475;
18/09/2018;6343;0.33;
17/09/2018;6254;2.59;
16/09/2018;6499;1.765;
15/09/2018;6514;0.335;
14/09/2018;6485;0.145;
13/09/2018;6476;1.06;
12/09/2018;6332;0.81;
11/09/2018;6291;0.46;
10/09/2018;6308;0.68;
09/09/2018;6240;0.1;
08/09/2018;6185;2.155;
07/09/2018;6404;0.855;
06/09/2018;6516;0.595;
05/09/2018;6711;2.955;
04/09/2018;7359;5.03;
03/09/2018;7268;0.78;
02/09/2018;7290;0.8;
01/09/2018;7198;0.575;
31/08/2018;7026;0.995;
30/08/2018;6995;0.585;
29/08/2018;7046;0.12;
28/08/2018;7080;1.47;
27/08/2018;6910;0.27;
26/08/2018;6708;1.68;
25/08/2018;6733;0.455;
24/08/2018;6696;1.015;
23/08/2018;6527;0.065;
22/08/2018;6355;2.315;
21/08/2018;6479;2.745;
20/08/2018;6256;3.55;
19/08/2018;6485;2.5;
18/08/2018;6391;2.195;
17/08/2018;6583;3.595;
16/08/2018;6314;1.785;
15/08/2018;6270;0.305;
14/08/2018;6189;1.16;
13/08/2018;6252;0.015;
12/08/2018;6314;1.14;
11/08/2018;6233;0.05;
10/08/2018;6147;3.63;
09/08/2018;6529;4.92;
08/08/2018;6279;5.275;
07/08/2018;6721;1.695;
06/08/2018;6941;0.99;
05/08/2018;7026;0.69;
04/08/2018;7013;2.83;
03/08/2018;7420;1.975;
02/08/2018;7535;0.28;
01/08/2018;7609;0.305;
31/07/2018;7731;1.955;
30/07/2018;8180;2.495;
29/07/2018;8221;0.095;
28/07/2018;8246;0.525;
27/07/2018;8186;1.185;
26/07/2018;7939;3.005;
25/07/2018;8176;0.15;
24/07/2018;8395;5.67;
23/07/2018;7720;2.215;
22/07/2018;7401;2.175;
21/07/2018;7403;0.5;
20/07/2018;7333;1.42;
19/07/2018;7474;1.58;
18/07/2018;7379;0.235;
17/07/2018;7320;3.985;
16/07/2018;6729;1.38;
15/07/2018;6347;2.235;
14/07/2018;6250;0.535;
13/07/2018;6220;0.47;
12/07/2018;6249;0.78;
11/07/2018;6378;1.615;
10/07/2018;6302;3.345;
09/07/2018;6667;2.44;
08/07/2018;6707;0.105;
07/07/2018;6762;1.615;
06/07/2018;6602;0.735;
05/07/2018;6540;0.855;
04/07/2018;6590;1.07;
03/07/2018;6500;1.31;
02/07/2018;6581;2.445;
01/07/2018;6350;2.15;
30/06/2018;6392;1.8;
29/06/2018;6208;1.585;
28/06/2018;5850;5.37;
27/06/2018;6133;2.76;
26/06/2018;6079;1.795;
25/06/2018;6247;2.145;
24/06/2018;6148;0.83;
23/06/2018;6152;0.935;
22/06/2018;6043;5.9;
21/06/2018;6714;4.65;
20/06/2018;6760;0.515;
19/06/2018;6738;0.04;
18/06/2018;6709;1.915;
17/06/2018;6436;2.51;
16/06/2018;6486;1.175;
15/06/2018;6385;2.665;
14/06/2018;6634;4.565;
13/06/2018;6295;4.59;
12/06/2018;6544;0.495;
11/06/2018;6873;3.255;
10/06/2018;6757;5.805;
09/06/2018;7499;4.18;
08/06/2018;7615;0.285;
07/06/2018;7689;0.71;
06/06/2018;7654;0.02;
05/06/2018;7622;0.68;
04/06/2018;7488;2.38;
03/06/2018;7718;2.015;
02/06/2018;7638;0.255;
01/06/2018;7521;0.545;
31/05/2018;7486;0.515;
30/05/2018;7375;1.32;
29/05/2018;7460;3.12;
28/05/2018;7098;4.195;
27/05/2018;7340;1.71;
26/05/2018;7330;0.92;
25/05/2018;7458;0.07;
24/05/2018;7577;1.33;
23/05/2018;7495;3.57;
22/05/2018;7977;0.545;
21/05/2018;8393;1.715;
20/05/2018;8524;2.535;
19/05/2018;8232;1.81;
18/05/2018;8239;1.2;
17/05/2018;8052;2.865;
16/05/2018;8336;0.93;
15/05/2018;8468;0.395;
14/05/2018;8671;1.095;
13/05/2018;8684;1.38;
12/05/2018;8463;1.005;
11/05/2018;8412;3.66;
10/05/2018;9019;1.755;
09/05/2018;9318;2.33;
08/05/2018;9185;1.715;
07/05/2018;9370;0.505;
06/05/2018;9659;0.475;
05/05/2018;9860;1.83;
04/05/2018;9703;1.115;
03/05/2018;9762;3.15;
02/05/2018;9236;1.91;
01/05/2018;9067;1.87;
30/04/2018;9240;0.09;
29/04/2018;9399;1.13;
28/04/2018;9345;2.1;
27/04/2018;8920;4.32;
26/04/2018;9279;4.195;
25/04/2018;8878;6.23;
24/04/2018;9644;7.91;
23/04/2018;8940;3.145;
22/04/2018;8800;1.465;
21/04/2018;8919;0.97;
20/04/2018;8866;3.285;
19/04/2018;8273;2.935;
18/04/2018;8166;1.1;
17/04/2018;7890;2.78;
16/04/2018;8056;0.755;
15/04/2018;8354;3.98;
14/04/2018;8003;1.455;
13/04/2018;7886;0.905;
12/04/2018;7912;7.14;
11/04/2018;6943;6.215;
10/04/2018;6839;0.21;
09/04/2018;6765;2.395;
08/04/2018;7024;2.795;
07/04/2018;6893;1.185;
06/04/2018;6610;3.28;
05/04/2018;6765;0.99;
04/04/2018;6786;4.03;
03/04/2018;7406;6.685;
02/04/2018;7053;0.72;
01/04/2018;6810;2.61;
31/03/2018;6925;1.45;
30/03/2018;6840;2.405;
29/03/2018;7094;3.52;
28/03/2018;7936;6.28;
27/03/2018;7785;3.035;
26/03/2018;8119;0.13;
25/03/2018;8445;1.405;
24/03/2018;8535;1.57;
23/03/2018;8908;3.255;
22/03/2018;8706;2.25;
21/03/2018;8900;1.09;
20/03/2018;8900;1.74;
19/03/2018;8600;0.7;
18/03/2018;8200;0.215;
17/03/2018;7851;4.65;
16/03/2018;8251;2.415;
15/03/2018;8253;0.415;
14/03/2018;8187;5.595;
13/03/2018;9135;5.265;
12/03/2018;9121;2.21;
11/03/2018;9528;6.505;
10/03/2018;8762;6.84;
09/03/2018;9217;2.025;
08/03/2018;9300;2.6;
07/03/2018;9903;0.765;
06/03/2018;10720;0.76;
05/03/2018;11416;2.68;
04/03/2018;11501;0.635;
03/03/2018;11440;1.615;
02/03/2018;11025;1.42;
01/03/2018;10925;2.495;
28/02/2018;10315;4.155;
27/02/2018;10569;2.4;
26/02/2018;10321;2.795;
25/02/2018;9557;4.56;
24/02/2018;9666;1.795;
23/02/2018;10145;3.96;
22/02/2018;9830;4.59;
21/02/2018;10455;0.41;
20/02/2018;11218;3.6;
19/02/2018;11173;3.66;
18/02/2018;10372;6.945;
17/02/2018;11054;7.47;
16/02/2018;10162;3.56;
15/02/2018;9997;2.04;
14/02/2018;9455;2.65;
13/02/2018;8516;7.675;
12/02/2018;8901;7.315;
11/02/2018;8069;8.04;
10/02/2018;8563;2.195;
09/02/2018;8683;3.41;
08/02/2018;8235;1.55;
07/02/2018;7587;4.835;
06/02/2018;7674;5.775;
05/02/2018;6950;12.835;
04/02/2018;8200;2.095;
03/02/2018;9219;7.35;
02/02/2018;8896;3.375;
01/02/2018;9181;3.805;